species,class,order,maximum_lifespan_yr,mass_g,volancy,fossoriallity,foraging_environment,daily_activity
Dicrostonyx_groenlandicus,Mammalia,Rodentia,3.3,66,nonvolant,semifossorial,terrestrial,cathemeral
Didelphis_virginiana,Mammalia,Didelphimorphia,6.6,3000,nonvolant,nonfossorial,semiarboreal,nocturnal
Diphylla_ecaudata,Mammalia,Chiroptera,8,28,volant,nonfossorial,terrestrial,nocturnal
Dipodillus_campestris,Mammalia,Rodentia,7.3,28.4,nonvolant,semifossorial,terrestrial,nocturnal
Dipodomys_merriami,Mammalia,Rodentia,9.7,42,nonvolant,semifossorial,terrestrial,nocturnal
Dendrolagus_goodfellowi,Mammalia,Diprotodontia,23.6,7400,nonvolant,nonfossorial,semiarboreal,cathemeral
Dendrolagus_matschiei,Mammalia,Diprotodontia,26.9,7200,nonvolant,nonfossorial,semiarboreal,cathemeral
Desmodus_rotundus,Mammalia,Chiroptera,29.2,33.2,volant,nonfossorial,terrestrial,nocturnal
Diceros_bicornis,Mammalia,Perissodactyla,49,1100000,nonvolant,nonfossorial,terrestrial,crepuscular
Dolichotis_patagonum,Mammalia,Rodentia,14.4,12500,nonvolant,semifossorial,terrestrial,diurnal
Echinops_telfairi,Mammalia,Afrosoricida,19,180,nonvolant,nonfossorial,semiarboreal,nocturnal
Eidolon_helvum,Mammalia,Chiroptera,21.8,306.25,volant,nonfossorial,volant,nocturnal
Elaphodus_cephalophus,Mammalia,Artiodactyla,22.7,33500,nonvolant,nonfossorial,terrestrial,crepuscular
Elephas_maximus,Mammalia,Proboscidea,65.5,3180000,nonvolant,nonfossorial,terrestrial,cathemeral
Enhydra_lutris,Mammalia,Carnivora,27,25850,nonvolant,nonfossorial,aquatic,diurnal
Eptesicus_fuscus,Mammalia,Chiroptera,19,23,volant,nonfossorial,volant,nocturnal
Eptesicus_nilssonii,Mammalia,Chiroptera,20,13,volant,nonfossorial,volant,nocturnal
Eptesicus_serotinus,Mammalia,Chiroptera,21,18.2,volant,nonfossorial,volant,nocturnal
Equus_asinus,Mammalia,Perissodactyla,47,164998,nonvolant,nonfossorial,terrestrial,diurnal
Equus_burchellii,Mammalia,Perissodactyla,38,280000,nonvolant,nonfossorial,terrestrial,diurnal
Equus_caballus,Mammalia,Perissodactyla,57,3.00E+05,nonvolant,nonfossorial,terrestrial,diurnal
Equus_grevyi,Mammalia,Perissodactyla,31,384000,nonvolant,nonfossorial,terrestrial,diurnal
Equus_hemionus,Mammalia,Perissodactyla,26.2,230000,nonvolant,nonfossorial,terrestrial,diurnal
Equus_kiang,Mammalia,Perissodactyla,30.1,275000,nonvolant,nonfossorial,terrestrial,diurnal
Equus_zebra,Mammalia,Perissodactyla,33.2,296000,nonvolant,nonfossorial,terrestrial,diurnal
Erethizon_dorsatum,Mammalia,Rodentia,23.4,8600,nonvolant,nonfossorial,semiarboreal,nocturnal
Erinaceus_europaeus,Mammalia,Erinaceomorpha,11.7,750,nonvolant,semifossorial,terrestrial,nocturnal
Erythrocebus_patas,Mammalia,Primates,28.3,7750,nonvolant,nonfossorial,terrestrial,diurnal
Eudorcas_thomsonii,Mammalia,Artiodactyla,20,25000,nonvolant,nonfossorial,terrestrial,diurnal
Eulemur_coronatus,Mammalia,Primates,27,2500,nonvolant,nonfossorial,semiarboreal,diurnal
Eulemur_fulvus,Mammalia,Primates,35.5,3150,nonvolant,nonfossorial,semiarboreal,diurnal
Eulemur_macaco,Mammalia,Primates,36.2,2500,nonvolant,nonfossorial,semiarboreal,diurnal
Eulemur_rubriventer,Mammalia,Primates,20,1765.3,nonvolant,nonfossorial,semiarboreal,diurnal
Euphractus_sexcinctus,Mammalia,Cingulata,22.1,4850,nonvolant,semifossorial,terrestrial,cathemeral
Felis_chaus,Mammalia,Carnivora,20,10000,nonvolant,nonfossorial,terrestrial,cathemeral
Felis_manul,Mammalia,Carnivora,15.9,3500,nonvolant,nonfossorial,terrestrial,cathemeral
Felis_margarita,Mammalia,Carnivora,13.9,2750,nonvolant,nonfossorial,terrestrial,nocturnal
Felis_nigripes,Mammalia,Carnivora,15.6,2125,nonvolant,nonfossorial,terrestrial,nocturnal
Felis_silvestris,Mammalia,Carnivora,19,5500,nonvolant,nonfossorial,terrestrial,nocturnal
Galago_moholi,Mammalia,Primates,16.6,175,nonvolant,nonfossorial,arboreal,nocturnal
Galago_senegalensis,Mammalia,Primates,17.1,192.2,nonvolant,nonfossorial,arboreal,nocturnal
Gazella_dorcas,Mammalia,Artiodactyla,23.7,14500,nonvolant,nonfossorial,terrestrial,cathemeral
Gazella_gazella,Mammalia,Artiodactyla,18.3,23250,nonvolant,nonfossorial,terrestrial,diurnal
Gazella_leptoceros,Mammalia,Artiodactyla,14.6,48500,nonvolant,nonfossorial,terrestrial,crepuscular
Gazella_subgutturosa,Mammalia,Artiodactyla,16.3,48500,nonvolant,nonfossorial,terrestrial,cathemeral
Genetta_genetta,Mammalia,Carnivora,22.7,1866.7,nonvolant,nonfossorial,semiarboreal,nocturnal
Gerbillus_perpallidus,Mammalia,Rodentia,5.5,50,nonvolant,semifossorial,terrestrial,nocturnal
Giraffa_camelopardalis,Mammalia,Artiodactyla,39.5,8.00E+05,nonvolant,nonfossorial,terrestrial,crepuscular
Glossophaga_soricina,Mammalia,Chiroptera,11,10,volant,nonfossorial,volant,nocturnal
Gorilla_gorilla,Mammalia,Primates,55.4,139842,nonvolant,nonfossorial,terrestrial,diurnal
Graphiurus_murinus,Mammalia,Rodentia,6.9,24,nonvolant,nonfossorial,semiarboreal,nocturnal
Gulo_gulo,Mammalia,Carnivora,19.5,16333.3,nonvolant,nonfossorial,terrestrial,cathemeral
Acinonyx_jubatus,Mammalia,Carnivora,20.5,53500,nonvolant,nonfossorial,terrestrial,diurnal
Acomys_cahirinus,Mammalia,Rodentia,5.9,45.2,nonvolant,nonfossorial,terrestrial,nocturnal
Addax_nasomaculatus,Mammalia,Artiodactyla,28,92500,nonvolant,nonfossorial,terrestrial,nocturnal
Aepyceros_melampus,Mammalia,Artiodactyla,25.6,52500,nonvolant,nonfossorial,terrestrial,cathemeral
Ailurus_fulgens,Mammalia,Carnivora,19,4325,nonvolant,nonfossorial,terrestrial,cathemeral
Alcelaphus_buselaphus,Mammalia,Artiodactyla,22.5,159000,nonvolant,nonfossorial,terrestrial,diurnal
Alouatta_caraya,Mammalia,Primates,32.4,5462.5,nonvolant,nonfossorial,arboreal,diurnal
Ammospermophilus_harrisii,Mammalia,Rodentia,10.6,126,nonvolant,semifossorial,terrestrial,diurnal
Ammotragus_lervia,Mammalia,Artiodactyla,21.7,92500,nonvolant,nonfossorial,terrestrial,crepuscular
Antidorcas_marsupialis,Mammalia,Artiodactyla,19.8,39000,nonvolant,nonfossorial,terrestrial,cathemeral
Antilocapra_americana,Mammalia,Artiodactyla,15.5,46100,nonvolant,nonfossorial,terrestrial,cathemeral
Antilope_cervicapra,Mammalia,Artiodactyla,23.9,37500,nonvolant,nonfossorial,terrestrial,diurnal
Aonyx_cinerea,Mammalia,Carnivora,23,3000,nonvolant,nonfossorial,aquatic,nocturnal
Aotus_lemurinus,Mammalia,Primates,33.8,874,nonvolant,nonfossorial,arboreal,nocturnal
Aotus_trivirgatus,Mammalia,Primates,30.1,800,nonvolant,nonfossorial,arboreal,nocturnal
Apodemus_sylvaticus,Mammalia,Rodentia,6.3,23.4,nonvolant,semifossorial,terrestrial,nocturnal
Arctictis_binturong,Mammalia,Carnivora,27,12250,nonvolant,nonfossorial,arboreal,nocturnal
Artibeus_jamaicensis,Mammalia,Chiroptera,19.2,42.2,volant,nonfossorial,volant,nocturnal
Arvicanthis_niloticus,Mammalia,Rodentia,6.7,110,nonvolant,nonfossorial,terrestrial,cathemeral
Atelerix_albiventris,Mammalia,Erinaceomorpha,11.4,500,nonvolant,semifossorial,terrestrial,nocturnal
Ateles_chamek,Mammalia,Primates,42.8,6000,nonvolant,nonfossorial,arboreal,diurnal
Ateles_fusciceps,Mammalia,Primates,46,7000,nonvolant,nonfossorial,arboreal,diurnal
Ateles_geoffroyi,Mammalia,Primates,47.1,7267.5,nonvolant,nonfossorial,arboreal,diurnal
Ateles_paniscus,Mammalia,Primates,46,7887.5,nonvolant,nonfossorial,arboreal,diurnal
Axis_axis,Mammalia,Artiodactyla,20.8,36000,nonvolant,nonfossorial,terrestrial,cathemeral
Axis_calamianensis,Mammalia,Artiodactyla,17.2,40500,nonvolant,nonfossorial,terrestrial,cathemeral
Axis_porcinus,Mammalia,Artiodactyla,22.9,43000,nonvolant,nonfossorial,terrestrial,cathemeral
Babyrousa_babyrussa,Mammalia,Artiodactyla,22.9,71500,nonvolant,semifossorial,terrestrial,diurnal
Barbastella_barbastellus,Mammalia,Chiroptera,23,10.25,volant,nonfossorial,volant,nocturnal
Bassariscus_astutus,Mammalia,Carnivora,19,1015,nonvolant,nonfossorial,arboreal,nocturnal
Bettongia_penicillata,Mammalia,Diprotodontia,18.8,1500,nonvolant,semifossorial,terrestrial,nocturnal
Bison_bison,Mammalia,Artiodactyla,33.5,630000,nonvolant,nonfossorial,terrestrial,diurnal
Bison_bonasus,Mammalia,Artiodactyla,26.4,610000,nonvolant,nonfossorial,terrestrial,diurnal
Bos_frontalis,Mammalia,Artiodactyla,26.2,825000,nonvolant,nonfossorial,terrestrial,cathemeral
Bos_grunniens,Mammalia,Artiodactyla,26.3,667000,nonvolant,nonfossorial,terrestrial,cathemeral
Bos_javanicus,Mammalia,Artiodactyla,27.1,7.00E+05,nonvolant,nonfossorial,terrestrial,cathemeral
Boselaphus_tragocamelus,Mammalia,Artiodactyla,21.7,180000,nonvolant,nonfossorial,terrestrial,diurnal
Bubalus_bubalis,Mammalia,Artiodactyla,34.9,725000,nonvolant,nonfossorial,terrestrial,diurnal
Bubalus_depressicornis,Mammalia,Artiodactyla,36.1,155000,nonvolant,nonfossorial,terrestrial,diurnal
Budorcas_taxicolor,Mammalia,Artiodactyla,21.9,180000,nonvolant,nonfossorial,terrestrial,crepuscular
Burramys_parvus,Mammalia,Diprotodontia,12,45,nonvolant,semifossorial,semiarboreal,nocturnal
Callicebus_cupreus,Mammalia,Primates,26.4,1120,nonvolant,nonfossorial,arboreal,diurnal
Callicebus_donacophilus,Mammalia,Primates,25,795,nonvolant,nonfossorial,arboreal,diurnal
Callimico_goeldii,Mammalia,Primates,22.2,555,nonvolant,nonfossorial,semiarboreal,diurnal
Callithrix_argentata,Mammalia,Primates,16.5,343.2,nonvolant,nonfossorial,arboreal,diurnal
Callithrix_geoffroyi,Mammalia,Primates,17.6,342,nonvolant,nonfossorial,arboreal,diurnal
Callithrix_jacchus,Mammalia,Primates,22.8,255.2,nonvolant,nonfossorial,arboreal,diurnal
Callithrix_kuhlii,Mammalia,Primates,20,342,nonvolant,nonfossorial,arboreal,diurnal
Callithrix_penicillata,Mammalia,Primates,15.4,307,nonvolant,nonfossorial,arboreal,diurnal
Callithrix_pygmaea,Mammalia,Primates,18.6,124,nonvolant,nonfossorial,arboreal,diurnal
Callosciurus_prevostii,Mammalia,Rodentia,21.1,400,nonvolant,nonfossorial,arboreal,diurnal
Camelus_bactrianus,Mammalia,Artiodactyla,35.4,475000,nonvolant,nonfossorial,terrestrial,diurnal
Camelus_dromedarius,Mammalia,Artiodactyla,28.4,434000,nonvolant,nonfossorial,terrestrial,diurnal
Canis_aureus,Mammalia,Carnivora,18.8,11000,nonvolant,nonfossorial,terrestrial,nocturnal
Canis_latrans,Mammalia,Carnivora,21.8,13250,nonvolant,semifossorial,terrestrial,nocturnal
Canis_lupus,Mammalia,Carnivora,20.6,26625,nonvolant,semifossorial,terrestrial,nocturnal
Canis_mesomelas,Mammalia,Carnivora,16.7,10250,nonvolant,nonfossorial,terrestrial,cathemeral
Capra_caucasica,Mammalia,Artiodactyla,19.3,70000,nonvolant,nonfossorial,terrestrial,cathemeral
Capra_falconeri,Mammalia,Artiodactyla,19.1,41000,nonvolant,nonfossorial,terrestrial,diurnal
Capra_hircus,Mammalia,Artiodactyla,20.8,61000,nonvolant,nonfossorial,terrestrial,cathemeral
Capra_ibex,Mammalia,Artiodactyla,20.9,82500,nonvolant,nonfossorial,terrestrial,diurnal
Capra_nubiana,Mammalia,Artiodactyla,22.4,46250,nonvolant,nonfossorial,terrestrial,diurnal
Capra_sibirica,Mammalia,Artiodactyla,22.3,130000,nonvolant,nonfossorial,terrestrial,diurnal
Capreolus_capreolus,Mammalia,Artiodactyla,17.5,21666.7,nonvolant,nonfossorial,terrestrial,crepuscular
Caracal_caracal,Mammalia,Carnivora,20.3,16000,nonvolant,nonfossorial,terrestrial,nocturnal
Carollia_perspicillata,Mammalia,Chiroptera,17,15,volant,nonfossorial,volant,nocturnal
Cavia_aperea,Mammalia,Rodentia,6,341,nonvolant,nonfossorial,terrestrial,crepuscular
Cavia_porcellus,Mammalia,Rodentia,12,728,nonvolant,semifossorial,terrestrial,crepuscular
Cebus_albifrons,Mammalia,Primates,40.4,2467.5,nonvolant,nonfossorial,arboreal,diurnal
Cebus_apella,Mammalia,Primates,46,2642.5,nonvolant,nonfossorial,arboreal,diurnal
Cebus_capucinus,Mammalia,Primates,54,2655,nonvolant,nonfossorial,arboreal,diurnal
Cebus_olivaceus,Mammalia,Primates,47,2552.5,nonvolant,nonfossorial,arboreal,diurnal
Cephalophus_natalensis,Mammalia,Artiodactyla,15.2,10000,nonvolant,nonfossorial,terrestrial,nocturnal
Cephalophus_rufilatus,Mammalia,Artiodactyla,15.2,13000,nonvolant,nonfossorial,terrestrial,nocturnal
Cephalophus_silvicultor,Mammalia,Artiodactyla,22.5,62000,nonvolant,nonfossorial,terrestrial,nocturnal
Ceratotherium_simum,Mammalia,Perissodactyla,45,2180000,nonvolant,nonfossorial,terrestrial,crepuscular
Cervus_elaphus,Mammalia,Artiodactyla,31.5,2.00E+05,nonvolant,nonfossorial,terrestrial,diurnal
Cervus_nippon,Mammalia,Artiodactyla,26.3,42000,nonvolant,nonfossorial,terrestrial,cathemeral
Chaetophractus_villosus,Mammalia,Cingulata,25.2,3000,nonvolant,semifossorial,terrestrial,cathemeral
Cheirogaleus_medius,Mammalia,Primates,23.2,380,nonvolant,nonfossorial,arboreal,nocturnal
Chinchilla_lanigera,Mammalia,Rodentia,17.2,642.5,nonvolant,semifossorial,terrestrial,nocturnal
Chlorocebus_aethiops,Mammalia,Primates,30.8,5620,nonvolant,nonfossorial,semiarboreal,diurnal
Choloepus_didactylus,Mammalia,Pilosa,36.8,6250,nonvolant,nonfossorial,arboreal,nocturnal
Choloepus_hoffmanni,Mammalia,Pilosa,37,6250,nonvolant,nonfossorial,arboreal,nocturnal
Chrysocyon_brachyurus,Mammalia,Carnivora,16.8,21500,nonvolant,nonfossorial,terrestrial,nocturnal
Coendou_prehensilis,Mammalia,Rodentia,26.6,3900,nonvolant,nonfossorial,arboreal,nocturnal
Colobus_angolensis,Mammalia,Primates,35.3,8625,nonvolant,nonfossorial,arboreal,diurnal
Colobus_guereza,Mammalia,Primates,35,9950,nonvolant,nonfossorial,arboreal,diurnal
Connochaetes_gnou,Mammalia,Artiodactyla,21.8,132250,nonvolant,nonfossorial,terrestrial,diurnal
Connochaetes_taurinus,Mammalia,Artiodactyla,24.3,164500,nonvolant,nonfossorial,terrestrial,diurnal
Corynorhinus_townsendii,Mammalia,Chiroptera,20.5,14.25,volant,nonfossorial,volant,nocturnal
Crocuta_crocuta,Mammalia,Carnivora,41.1,63000,nonvolant,nonfossorial,terrestrial,nocturnal
Cryptomys_damarensis,Mammalia,Rodentia,15.5,180,nonvolant,fossorial,terrestrial,cathemeral
Cryptoprocta_ferox,Mammalia,Carnivora,23.1,9500,nonvolant,nonfossorial,semiarboreal,cathemeral
Cryptotis_parva,Mammalia,Soricomorpha,3.5,4.5,nonvolant,semifossorial,terrestrial,cathemeral
Cuon_alpinus,Mammalia,Carnivora,16.1,15750,nonvolant,semifossorial,terrestrial,cathemeral
Cynictis_penicillata,Mammalia,Carnivora,15.2,598.5,nonvolant,semifossorial,terrestrial,diurnal
Cynomys_ludovicianus,Mammalia,Rodentia,11,1125,nonvolant,semifossorial,arboreal,diurnal
Cynopterus_brachyotis,Mammalia,Chiroptera,10.1,45,volant,nonfossorial,volant,nocturnal
Dama_dama,Mammalia,Artiodactyla,21.1,70000,nonvolant,nonfossorial,terrestrial,diurnal
Damaliscus_lunatus,Mammalia,Artiodactyla,23.6,110000,nonvolant,nonfossorial,terrestrial,crepuscular
Damaliscus_pygargus,Mammalia,Artiodactyla,23,84500,nonvolant,nonfossorial,terrestrial,crepuscular
Dasyprocta_azarae,Mammalia,Rodentia,11.8,2650,nonvolant,nonfossorial,terrestrial,diurnal
Dasyprocta_leporina,Mammalia,Rodentia,17.8,3265,nonvolant,nonfossorial,terrestrial,diurnal
Dasyprocta_punctata,Mammalia,Rodentia,13.8,2150,nonvolant,nonfossorial,terrestrial,diurnal
Dasypus_novemcinctus,Mammalia,Cingulata,22.3,5500,nonvolant,semifossorial,terrestrial,cathemeral
Haplonycteris_fischeri,Mammalia,Chiroptera,10,18,volant,nonfossorial,volant,nocturnal
Helarctos_malayanus,Mammalia,Carnivora,35.9,46000,nonvolant,nonfossorial,semiarboreal,nocturnal
Helogale_parvula,Mammalia,Carnivora,18,274.8,nonvolant,semifossorial,terrestrial,diurnal
Heterocephalus_glaber,Mammalia,Rodentia,31,35,nonvolant,fossorial,terrestrial,cathemeral
Hexaprotodon_liberiensis,Mammalia,Artiodactyla,42.3,215000,nonvolant,nonfossorial,aquatic,nocturnal
Hippopotamus_amphibius,Mammalia,Artiodactyla,61.2,3750000,nonvolant,nonfossorial,terrestrial,nocturnal
Hipposideros_fulvus,Mammalia,Chiroptera,13,7,volant,nonfossorial,volant,nocturnal
Hippotragus_equinus,Mammalia,Artiodactyla,25.9,225000,nonvolant,nonfossorial,terrestrial,diurnal
Hippotragus_niger,Mammalia,Artiodactyla,22.2,225000,nonvolant,nonfossorial,terrestrial,diurnal
Hyaena_hyaena,Mammalia,Carnivora,25,40000,nonvolant,nonfossorial,terrestrial,nocturnal
Hydrochoerus_hydrochaeris,Mammalia,Rodentia,15.1,55000,nonvolant,nonfossorial,terrestrial,crepuscular
Hydromys_chrysogaster,Mammalia,Rodentia,7.3,850,nonvolant,nonfossorial,aquatic,cathemeral
Hylobates_agilis,Mammalia,Primates,49,5925,nonvolant,nonfossorial,arboreal,diurnal
Hylobates_lar,Mammalia,Primates,56,6810,nonvolant,nonfossorial,arboreal,diurnal
Hylobates_moloch,Mammalia,Primates,45,6207.5,nonvolant,nonfossorial,arboreal,diurnal
Hylobates_muelleri,Mammalia,Primates,57,5765,nonvolant,nonfossorial,arboreal,diurnal
Hylobates_pileatus,Mammalia,Primates,38,5735,nonvolant,nonfossorial,arboreal,diurnal
Hystrix_africaeaustralis,Mammalia,Rodentia,23.1,24000,nonvolant,semifossorial,terrestrial,nocturnal
Hystrix_brachyura,Mammalia,Rodentia,27.3,8000,nonvolant,semifossorial,terrestrial,nocturnal
Hystrix_cristata,Mammalia,Rodentia,28,20000,nonvolant,semifossorial,terrestrial,nocturnal
Hystrix_indica,Mammalia,Rodentia,27.1,20000,nonvolant,semifossorial,terrestrial,nocturnal
Jaculus_jaculus,Mammalia,Rodentia,7.3,55,nonvolant,semifossorial,terrestrial,nocturnal
Kerodon_rupestris,Mammalia,Rodentia,12.9,950,nonvolant,semifossorial,terrestrial,nocturnal
Kobus_ellipsiprymnus,Mammalia,Artiodactyla,30,175333,nonvolant,nonfossorial,terrestrial,crepuscular
Kobus_kob,Mammalia,Artiodactyla,21.9,105000,nonvolant,nonfossorial,terrestrial,crepuscular
Kobus_leche,Mammalia,Artiodactyla,25.4,94800,nonvolant,nonfossorial,terrestrial,crepuscular
Kobus_megaceros,Mammalia,Artiodactyla,21.1,90000,nonvolant,nonfossorial,terrestrial,crepuscular
Lagorchestes_hirsutus,Mammalia,Diprotodontia,13.2,1310,nonvolant,nonfossorial,terrestrial,nocturnal
Lagostomus_maximus,Mammalia,Rodentia,10.8,6000,nonvolant,semifossorial,terrestrial,crepuscular
Lagothrix_lagotricha,Mammalia,Primates,32,7650,nonvolant,nonfossorial,arboreal,diurnal
Lagurus_lagurus,Mammalia,Rodentia,3.8,20.3,nonvolant,semifossorial,terrestrial,cathemeral
Lama_glama,Mammalia,Artiodactyla,28.9,140000,nonvolant,nonfossorial,terrestrial,diurnal
Lasionycteris_noctivagans,Mammalia,Chiroptera,12,10,volant,nonfossorial,volant,cathemeral
Lasiorhinus_latifrons,Mammalia,Diprotodontia,29.9,25500,nonvolant,semifossorial,terrestrial,nocturnal
Lasiurus_cinereus,Mammalia,Chiroptera,14,24,volant,nonfossorial,volant,nocturnal
Lemniscomys_barbarus,Mammalia,Rodentia,4.4,26.2,nonvolant,nonfossorial,terrestrial,cathemeral
Lemniscomys_striatus,Mammalia,Rodentia,4.8,42.3,nonvolant,nonfossorial,terrestrial,cathemeral
Lemur_catta,Mammalia,Primates,37.3,2555,nonvolant,nonfossorial,semiarboreal,diurnal
Leontopithecus_chrysomelas,Mammalia,Primates,21.3,535,nonvolant,nonfossorial,arboreal,diurnal
Leontopithecus_rosalia,Mammalia,Primates,31.6,654.5,nonvolant,nonfossorial,arboreal,diurnal
Leopardus_geoffroyi,Mammalia,Carnivora,23,4000,nonvolant,nonfossorial,terrestrial,nocturnal
Leopardus_pardalis,Mammalia,Carnivora,28.2,8800,nonvolant,nonfossorial,terrestrial,nocturnal
Leopardus_wiedii,Mammalia,Carnivora,24,3666.7,nonvolant,nonfossorial,arboreal,nocturnal
Leptailurus_serval,Mammalia,Carnivora,22.4,13350,nonvolant,nonfossorial,terrestrial,nocturnal
Leptonycteris_curasoae,Mammalia,Chiroptera,10.1,25,volant,nonfossorial,volant,nocturnal
Lepus_timidus,Mammalia,Lagomorpha,18,4175,nonvolant,nonfossorial,terrestrial,nocturnal
Litocranius_walleri,Mammalia,Artiodactyla,17.3,43500,nonvolant,nonfossorial,terrestrial,diurnal
Lontra_canadensis,Mammalia,Carnivora,27,9000,nonvolant,semifossorial,aquatic,nocturnal
Loxodonta_africana,Mammalia,Proboscidea,65,4800000,nonvolant,nonfossorial,terrestrial,cathemeral
Lutra_lutra,Mammalia,Carnivora,18.2,6750,nonvolant,semifossorial,aquatic,cathemeral
Lycaon_pictus,Mammalia,Carnivora,17,26500,nonvolant,nonfossorial,terrestrial,crepuscular
Lynx_lynx,Mammalia,Carnivora,23.7,23000,nonvolant,nonfossorial,terrestrial,nocturnal
Lynx_rufus,Mammalia,Carnivora,32.3,8600,nonvolant,nonfossorial,terrestrial,nocturnal
Macaca_arctoides,Mammalia,Primates,29.2,9275,nonvolant,nonfossorial,terrestrial,diurnal
Macaca_fascicularis,Mammalia,Primates,39,6362.5,nonvolant,nonfossorial,semiarboreal,diurnal
Macaca_mulatta,Mammalia,Primates,40,8235,nonvolant,nonfossorial,semiarboreal,diurnal
Macaca_radiata,Mammalia,Primates,30,6755,nonvolant,nonfossorial,semiarboreal,diurnal
Macaca_silenus,Mammalia,Primates,40,7875,nonvolant,nonfossorial,arboreal,diurnal
Macropus_agilis,Mammalia,Diprotodontia,16.9,16000,nonvolant,nonfossorial,terrestrial,nocturnal
Macropus_eugenii,Mammalia,Diprotodontia,15.1,6500,nonvolant,nonfossorial,terrestrial,nocturnal
Macropus_fuliginosus,Mammalia,Diprotodontia,23.2,28250,nonvolant,nonfossorial,terrestrial,nocturnal
Macropus_giganteus,Mammalia,Diprotodontia,25,49500,nonvolant,nonfossorial,terrestrial,crepuscular
Macropus_parma,Mammalia,Diprotodontia,15.9,4250,nonvolant,nonfossorial,terrestrial,nocturnal
Macropus_robustus,Mammalia,Diprotodontia,22,30000,nonvolant,nonfossorial,terrestrial,nocturnal
Macropus_rufogriseus,Mammalia,Diprotodontia,15.2,16200,nonvolant,nonfossorial,terrestrial,crepuscular
Macropus_rufus,Mammalia,Diprotodontia,25,55000,nonvolant,nonfossorial,terrestrial,cathemeral
Macroscelides_proboscideus,Mammalia,Macroscelidea,8.7,40,nonvolant,semifossorial,terrestrial,cathemeral
Macrotis_lagotis,Mammalia,Peramelemorphia,9.6,1300,nonvolant,nonfossorial,terrestrial,nocturnal
Macrotus_waterhousii,Mammalia,Chiroptera,10.4,16,volant,nonfossorial,volant,nocturnal
Madoqua_kirkii,Mammalia,Artiodactyla,17.3,5000,nonvolant,nonfossorial,terrestrial,cathemeral
Mandrillus_leucophaeus,Mammalia,Primates,39,18250,nonvolant,nonfossorial,terrestrial,diurnal
Mandrillus_sphinx,Mammalia,Primates,40,23000,nonvolant,nonfossorial,terrestrial,diurnal
Marmota_marmota,Mammalia,Rodentia,17.4,3500,nonvolant,fossorial,terrestrial,diurnal
Marmota_monax,Mammalia,Rodentia,14,4000,nonvolant,fossorial,terrestrial,diurnal
Marmota_vancouverensis,Mammalia,Rodentia,12.1,4750,nonvolant,fossorial,terrestrial,diurnal
Martes_flavigula,Mammalia,Carnivora,16,2500,nonvolant,nonfossorial,semiarboreal,diurnal
Mazama_americana,Mammalia,Artiodactyla,17.1,33000,nonvolant,nonfossorial,terrestrial,cathemeral
Megaderma_lyra,Mammalia,Chiroptera,14,38.6,volant,nonfossorial,volant,nocturnal
Meles_meles,Mammalia,Carnivora,18.6,13000,nonvolant,semifossorial,terrestrial,nocturnal
Melursus_ursinus,Mammalia,Carnivora,33.3,1.00E+05,nonvolant,nonfossorial,terrestrial,nocturnal
Mephitis_mephitis,Mammalia,Carnivora,13.9,3500,nonvolant,semifossorial,terrestrial,nocturnal
Meriones_libycus,Mammalia,Rodentia,5.2,100,nonvolant,semifossorial,terrestrial,diurnal
Meriones_meridianus,Mammalia,Rodentia,6.8,53,nonvolant,semifossorial,terrestrial,nocturnal
Meriones_unguiculatus,Mammalia,Rodentia,6.3,53.2,nonvolant,semifossorial,terrestrial,cathemeral
Mesocricetus_auratus,Mammalia,Rodentia,3.9,105,nonvolant,semifossorial,terrestrial,nocturnal
Mesocricetus_brandti,Mammalia,Rodentia,4.4,174,nonvolant,semifossorial,terrestrial,nocturnal
Microcebus_murinus,Mammalia,Primates,18.2,64.8,nonvolant,nonfossorial,semiarboreal,nocturnal
Micromys_minutus,Mammalia,Rodentia,3.8,6,nonvolant,nonfossorial,terrestrial,cathemeral
Miniopterus_schreibersii,Mammalia,Chiroptera,22,13,volant,nonfossorial,volant,nocturnal
Miopithecus_talapoin,Mammalia,Primates,27.7,1384.5,nonvolant,nonfossorial,semiarboreal,diurnal
Monodelphis_domestica,Mammalia,Didelphimorphia,5.1,105,nonvolant,nonfossorial,semiarboreal,nocturnal
Mungos_mungo,Mammalia,Carnivora,17.4,1331.5,nonvolant,semifossorial,terrestrial,diurnal
Muntiacus_muntjak,Mammalia,Artiodactyla,18.8,21000,nonvolant,nonfossorial,terrestrial,cathemeral
Muntiacus_reevesi,Mammalia,Artiodactyla,23.2,18000,nonvolant,nonfossorial,terrestrial,cathemeral
Mus_minutoides,Mammalia,Rodentia,4.3,7.2,nonvolant,semifossorial,terrestrial,nocturnal
Mus_musculus,Mammalia,Rodentia,4,20.5,nonvolant,semifossorial,terrestrial,nocturnal
Mustela_lutreola,Mammalia,Carnivora,8.4,590,nonvolant,semifossorial,terrestrial,nocturnal
Mustela_nigripes,Mammalia,Carnivora,9.4,1021,nonvolant,semifossorial,terrestrial,nocturnal
Mustela_putorius,Mammalia,Carnivora,11.1,809,nonvolant,semifossorial,terrestrial,nocturnal
Mustela_sibirica,Mammalia,Carnivora,8.8,565,nonvolant,semifossorial,terrestrial,nocturnal
Myocastor_coypus,Mammalia,Rodentia,8.5,7850,nonvolant,semifossorial,terrestrial,cathemeral
Myotis_bechsteinii,Mammalia,Chiroptera,21,10.5,volant,nonfossorial,volant,nocturnal
Myotis_blythii,Mammalia,Chiroptera,33,23,volant,nonfossorial,volant,nocturnal
Myotis_brandtii,Mammalia,Chiroptera,41,7,volant,nonfossorial,volant,nocturnal
Myotis_dasycneme,Mammalia,Chiroptera,20.5,15,volant,nonfossorial,volant,nocturnal
Myotis_daubentonii,Mammalia,Chiroptera,28,8.5,volant,nonfossorial,volant,nocturnal
Myotis_emarginatus,Mammalia,Chiroptera,22.7,11,volant,nonfossorial,volant,nocturnal
Myotis_evotis,Mammalia,Chiroptera,22,7.4,volant,nonfossorial,volant,nocturnal
Myotis_grisescens,Mammalia,Chiroptera,16.5,9.25,volant,nonfossorial,volant,nocturnal
Myotis_keenii,Mammalia,Chiroptera,19,7.4,volant,nonfossorial,volant,nocturnal
Myotis_leibii,Mammalia,Chiroptera,12,5.6,volant,nonfossorial,volant,nocturnal
Myotis_lucifugus,Mammalia,Chiroptera,34,10,volant,nonfossorial,volant,nocturnal
Myotis_myotis,Mammalia,Chiroptera,37.1,28.55,volant,nonfossorial,volant,nocturnal
Myotis_mystacinus,Mammalia,Chiroptera,24,5.3,volant,nonfossorial,volant,nocturnal
Myotis_nattereri,Mammalia,Chiroptera,23.7,7.5,volant,nonfossorial,volant,nocturnal
Myotis_nigricans,Mammalia,Chiroptera,7,4.2,volant,nonfossorial,volant,nocturnal
Myotis_sodalis,Mammalia,Chiroptera,20,7.7,volant,nonfossorial,volant,nocturnal
Myotis_thysanodes,Mammalia,Chiroptera,18.3,6,volant,nonfossorial,volant,nocturnal
Myotis_velifer,Mammalia,Chiroptera,11.3,10.1,volant,nonfossorial,volant,nocturnal
Myotis_vivesi,Mammalia,Chiroptera,10,25,volant,nonfossorial,aquatic,nocturnal
Myotis_volans,Mammalia,Chiroptera,21,7,volant,nonfossorial,volant,nocturnal
Myotis_yumanensis,Mammalia,Chiroptera,14,6.25,volant,nonfossorial,volant,nocturnal
Myrmecophaga_tridactyla,Mammalia,Pilosa,31,28500,nonvolant,nonfossorial,terrestrial,nocturnal
Nanger_dama,Mammalia,Artiodactyla,19.3,73000,nonvolant,nonfossorial,terrestrial,diurnal
Nasua_narica,Mammalia,Carnivora,26.4,3750,nonvolant,nonfossorial,semiarboreal,cathemeral
Nasua_nasua,Mammalia,Carnivora,23.7,4750,nonvolant,nonfossorial,semiarboreal,cathemeral
Neofelis_nebulosa,Mammalia,Carnivora,19.8,19500,nonvolant,nonfossorial,semiarboreal,nocturnal
Neotoma_floridana,Mammalia,Rodentia,8.6,291,nonvolant,nonfossorial,terrestrial,nocturnal
Noctilio_leporinus,Mammalia,Chiroptera,11.8,50,volant,nonfossorial,aquatic,nocturnal
Notomys_alexis,Mammalia,Rodentia,6.4,35,nonvolant,semifossorial,terrestrial,nocturnal
Nyctalus_leisleri,Mammalia,Chiroptera,16,16,volant,nonfossorial,volant,crepuscular
Nyctalus_noctula,Mammalia,Chiroptera,12,27.75,volant,nonfossorial,volant,crepuscular
Nyctereutes_procyonoides,Mammalia,Carnivora,16.6,6500,nonvolant,semifossorial,terrestrial,cathemeral
Nycticebus_coucang,Mammalia,Primates,25.8,890.5,nonvolant,nonfossorial,arboreal,nocturnal
Nycticebus_pygmaeus,Mammalia,Primates,17.1,419,nonvolant,nonfossorial,arboreal,nocturnal
Nycticeius_humeralis,Mammalia,Chiroptera,6,9.75,volant,nonfossorial,volant,nocturnal
Octodon_degus,Mammalia,Rodentia,14,235,nonvolant,semifossorial,terrestrial,diurnal
Odocoileus_hemionus,Mammalia,Artiodactyla,22,57000,nonvolant,nonfossorial,terrestrial,crepuscular
Odocoileus_virginianus,Mammalia,Artiodactyla,23,87000,nonvolant,nonfossorial,terrestrial,crepuscular
Okapia_johnstoni,Mammalia,Artiodactyla,33.5,225000,nonvolant,nonfossorial,terrestrial,diurnal
Oreotragus_oreotragus,Mammalia,Artiodactyla,25.9,12000,nonvolant,nonfossorial,terrestrial,diurnal
Orycteropus_afer,Mammalia,Tubulidentata,29.8,60000,nonvolant,semifossorial,terrestrial,nocturnal
Oryx_dammah,Mammalia,Artiodactyla,27.5,177500,nonvolant,nonfossorial,terrestrial,diurnal
Oryx_gazella,Mammalia,Artiodactyla,23.8,170000,nonvolant,nonfossorial,terrestrial,diurnal
Oryx_leucoryx,Mammalia,Artiodactyla,20.8,121350,nonvolant,nonfossorial,terrestrial,diurnal
Otocyon_megalotis,Mammalia,Carnivora,17,4150,nonvolant,semifossorial,terrestrial,cathemeral
Otolemur_crassicaudatus,Mammalia,Primates,22.7,1094.5,nonvolant,nonfossorial,arboreal,nocturnal
Otolemur_garnettii,Mammalia,Primates,18.3,1300,nonvolant,nonfossorial,arboreal,nocturnal
Ovis_aries,Mammalia,Artiodactyla,22.8,80000,nonvolant,nonfossorial,terrestrial,diurnal
Ovis_canadensis,Mammalia,Artiodactyla,20.6,70275,nonvolant,nonfossorial,terrestrial,diurnal
Ovis_dalli,Mammalia,Artiodactyla,19.6,73100,nonvolant,nonfossorial,terrestrial,diurnal
Pan_troglodytes,Mammalia,Primates,59.4,44983.5,nonvolant,nonfossorial,semiarboreal,diurnal
Panthera_leo,Mammalia,Carnivora,27,175000,nonvolant,nonfossorial,terrestrial,nocturnal
Panthera_onca,Mammalia,Carnivora,28,81150,nonvolant,nonfossorial,terrestrial,cathemeral
Panthera_pardus,Mammalia,Carnivora,27.3,53750,nonvolant,nonfossorial,terrestrial,nocturnal
Panthera_tigris,Mammalia,Carnivora,26.3,119700,nonvolant,nonfossorial,terrestrial,nocturnal
Papio_hamadryas,Mammalia,Primates,37.5,18000,nonvolant,nonfossorial,terrestrial,diurnal
Pecari_tajacu,Mammalia,Artiodactyla,31.5,20200,nonvolant,nonfossorial,terrestrial,cathemeral
Perameles_gunnii,Mammalia,Peramelemorphia,6.1,766,nonvolant,nonfossorial,terrestrial,nocturnal
Peromyscus_eremicus,Mammalia,Rodentia,7.4,25,nonvolant,nonfossorial,terrestrial,nocturnal
Peromyscus_maniculatus,Mammalia,Rodentia,8.3,20.5,nonvolant,nonfossorial,terrestrial,nocturnal
Peromyscus_polionotus,Mammalia,Rodentia,5.5,14,nonvolant,nonfossorial,terrestrial,nocturnal
Petrogale_penicillata,Mammalia,Diprotodontia,14.3,6000,nonvolant,nonfossorial,terrestrial,nocturnal
Petrogale_xanthopus,Mammalia,Diprotodontia,14.4,6000,nonvolant,nonfossorial,terrestrial,nocturnal
Phacochoerus_africanus,Mammalia,Artiodactyla,20.9,1.00E+05,nonvolant,semifossorial,terrestrial,cathemeral
Phascogale_calura,Mammalia,Dasyuromorphia,4.7,43,nonvolant,nonfossorial,arboreal,nocturnal
Phascolarctos_cinereus,Mammalia,Diprotodontia,22.1,9300,nonvolant,nonfossorial,arboreal,nocturnal
Philantomba_monticola,Mammalia,Artiodactyla,15.9,6250,nonvolant,nonfossorial,terrestrial,nocturnal
Phloeomys_pallidus,Mammalia,Rodentia,10.7,1744,nonvolant,nonfossorial,arboreal,nocturnal
Phodopus_sungorus,Mammalia,Rodentia,3.9,23.4,nonvolant,semifossorial,terrestrial,crepuscular
Phyllostomus_discolor,Mammalia,Chiroptera,9,43.4,volant,nonfossorial,arboreal,nocturnal
Phyllostomus_hastatus,Mammalia,Chiroptera,18,81,volant,nonfossorial,arboreal,nocturnal
Pipistrellus_kuhlii,Mammalia,Chiroptera,8,6,volant,nonfossorial,volant,nocturnal
Pipistrellus_nathusii,Mammalia,Chiroptera,11,10,volant,nonfossorial,volant,nocturnal
Pipistrellus_pipistrellus,Mammalia,Chiroptera,16.6,5,volant,nonfossorial,volant,nocturnal
Pipistrellus_subflavus,Mammalia,Chiroptera,14.8,7.5,volant,nonfossorial,volant,nocturnal
Pithecia_pithecia,Mammalia,Primates,36,1480,nonvolant,nonfossorial,arboreal,diurnal
Plecotus_auritus,Mammalia,Chiroptera,30,7.8,volant,nonfossorial,volant,nocturnal
Plecotus_austriacus,Mammalia,Chiroptera,25.5,12,volant,nonfossorial,volant,nocturnal
Pongo_pygmaeus,Mammalia,Primates,59,64475,nonvolant,nonfossorial,arboreal,diurnal
Potamochoerus_porcus,Mammalia,Artiodactyla,22,88000,nonvolant,semifossorial,terrestrial,nocturnal
Potorous_tridactylus,Mammalia,Diprotodontia,14.5,1430,nonvolant,nonfossorial,terrestrial,nocturnal
Potos_flavus,Mammalia,Carnivora,38.4,3000,nonvolant,nonfossorial,arboreal,nocturnal
Prionailurus_bengalensis,Mammalia,Carnivora,17,5000,nonvolant,nonfossorial,semiarboreal,nocturnal
Prionailurus_rubiginosus,Mammalia,Carnivora,17.9,1350,nonvolant,nonfossorial,semiarboreal,nocturnal
Procavia_capensis,Mammalia,Hyracoidea,14.8,3600,nonvolant,nonfossorial,terrestrial,diurnal
Procyon_lotor,Mammalia,Carnivora,21,6000,nonvolant,nonfossorial,semiarboreal,nocturnal
Przewalskium_albirostris,Mammalia,Artiodactyla,21.3,135000,nonvolant,nonfossorial,terrestrial,crepuscular
Psammomys_obesus,Mammalia,Rodentia,3.2,212,nonvolant,semifossorial,terrestrial,diurnal
Pseudocheirus_peregrinus,Mammalia,Diprotodontia,10.1,850,nonvolant,nonfossorial,semiarboreal,nocturnal
Pseudois_nayaur,Mammalia,Artiodactyla,20.9,55000,nonvolant,nonfossorial,terrestrial,diurnal
Pseudomys_australis,Mammalia,Rodentia,7.9,65,nonvolant,semifossorial,terrestrial,nocturnal
Pteropus_giganteus,Mammalia,Chiroptera,40,1175,volant,nonfossorial,volant,nocturnal
Pteropus_hypomelanus,Mammalia,Chiroptera,20.3,450,volant,nonfossorial,volant,nocturnal
Pteropus_livingstonii,Mammalia,Chiroptera,15,696.5,volant,nonfossorial,volant,nocturnal
Pteropus_lylei,Mammalia,Chiroptera,20.4,316.7,volant,nonfossorial,volant,nocturnal
Pteropus_poliocephalus,Mammalia,Chiroptera,23.6,675,volant,nonfossorial,volant,nocturnal
Pteropus_pumilus,Mammalia,Chiroptera,17.2,200,volant,nonfossorial,volant,nocturnal
Pteropus_rodricensis,Mammalia,Chiroptera,28,350,volant,nonfossorial,volant,nocturnal
Pteropus_vampyrus,Mammalia,Chiroptera,20.9,872,volant,nonfossorial,volant,nocturnal
Pudu_puda,Mammalia,Artiodactyla,18.3,10000,nonvolant,nonfossorial,terrestrial,cathemeral
Puma_concolor,Mammalia,Carnivora,23.8,63000,nonvolant,nonfossorial,terrestrial,cathemeral
Pygathrix_nemaeus,Mammalia,Primates,26,9720,nonvolant,nonfossorial,arboreal,diurnal
Rangifer_tarandus,Mammalia,Artiodactyla,21.8,101250,nonvolant,nonfossorial,terrestrial,diurnal
Raphicerus_campestris,Mammalia,Artiodactyla,9.3,13000,nonvolant,nonfossorial,terrestrial,diurnal
Rattus_norvegicus,Mammalia,Rodentia,3.8,300,nonvolant,semifossorial,terrestrial,nocturnal
Rattus_rattus,Mammalia,Rodentia,4.2,200,nonvolant,semifossorial,semiarboreal,nocturnal
Rhabdomys_pumilio,Mammalia,Rodentia,4.5,51,nonvolant,nonfossorial,semiarboreal,diurnal
Rhinoceros_unicornis,Mammalia,Perissodactyla,43.5,1600000,nonvolant,nonfossorial,terrestrial,cathemeral
Rhinolophus_ferrumequinum,Mammalia,Chiroptera,30.5,22.875,volant,nonfossorial,volant,nocturnal
Rhinolophus_hipposideros,Mammalia,Chiroptera,29.4,4.6,volant,nonfossorial,volant,nocturnal
Rousettus_aegyptiacus,Mammalia,Chiroptera,22.9,125,volant,nonfossorial,arboreal,nocturnal
Rousettus_lanosus,Mammalia,Chiroptera,18.7,103,volant,nonfossorial,arboreal,nocturnal
Rousettus_leschenaultii,Mammalia,Chiroptera,14,108.25,volant,nonfossorial,arboreal,nocturnal
Rucervus_duvaucelii,Mammalia,Artiodactyla,24.5,170000,nonvolant,nonfossorial,terrestrial,cathemeral
Rucervus_eldii,Mammalia,Artiodactyla,20.5,122500,nonvolant,nonfossorial,terrestrial,cathemeral
Rupicapra_rupicapra,Mammalia,Artiodactyla,17.6,37500,nonvolant,nonfossorial,terrestrial,cathemeral
Rusa_timorensis,Mammalia,Artiodactyla,21.1,63000,nonvolant,nonfossorial,terrestrial,nocturnal
Rusa_unicolor,Mammalia,Artiodactyla,26.4,185000,nonvolant,nonfossorial,terrestrial,nocturnal
Saccopteryx_bilineata,Mammalia,Chiroptera,6,7.9,volant,nonfossorial,volant,nocturnal
Saguinus_bicolor,Mammalia,Primates,19,495.8,nonvolant,nonfossorial,arboreal,diurnal
Saguinus_fuscicollis,Mammalia,Primates,24.9,456.5,nonvolant,nonfossorial,arboreal,diurnal
Saguinus_geoffroyi,Mammalia,Primates,20.5,499.3,nonvolant,nonfossorial,arboreal,diurnal
Saguinus_imperator,Mammalia,Primates,23.7,518.5,nonvolant,nonfossorial,arboreal,diurnal
Saguinus_labiatus,Mammalia,Primates,20.5,501.3,nonvolant,nonfossorial,arboreal,diurnal
Saguinus_midas,Mammalia,Primates,21,553.8,nonvolant,nonfossorial,arboreal,diurnal
Saguinus_oedipus,Mammalia,Primates,26.2,445.5,nonvolant,nonfossorial,arboreal,diurnal
Saimiri_boliviensis,Mammalia,Primates,30.3,615,nonvolant,nonfossorial,semiarboreal,diurnal
Saimiri_sciureus,Mammalia,Primates,30.2,925,nonvolant,nonfossorial,semiarboreal,diurnal
Sarcophilus_harrisii,Mammalia,Dasyuromorphia,13,6500,nonvolant,nonfossorial,terrestrial,nocturnal
Sciurus_vulgaris,Mammalia,Rodentia,14.8,600,nonvolant,nonfossorial,semiarboreal,diurnal
Sekeetamys_calurus,Mammalia,Rodentia,7.3,65,nonvolant,nonfossorial,terrestrial,nocturnal
Semnopithecus_entellus,Mammalia,Primates,29,13516.5,nonvolant,nonfossorial,semiarboreal,diurnal
Setifer_setosus,Mammalia,Afrosoricida,14.1,225,nonvolant,semifossorial,semiarboreal,nocturnal
Sigmodon_hispidus,Mammalia,Rodentia,5.2,185,nonvolant,semifossorial,terrestrial,cathemeral
Speothos_venaticus,Mammalia,Carnivora,14.1,6000,nonvolant,semifossorial,aquatic,diurnal
Spermophilus_citellus,Mammalia,Rodentia,6.7,217,nonvolant,semifossorial,terrestrial,diurnal
Suricata_suricatta,Mammalia,Carnivora,20.6,776,nonvolant,semifossorial,terrestrial,diurnal
Sus_barbatus,Mammalia,Artiodactyla,16.2,102750,nonvolant,semifossorial,terrestrial,nocturnal
Sus_scrofa,Mammalia,Artiodactyla,27,130000,nonvolant,semifossorial,terrestrial,nocturnal
Sylvicapra_grimmia,Mammalia,Artiodactyla,15.4,18500,nonvolant,nonfossorial,terrestrial,nocturnal
Syncerus_caffer,Mammalia,Artiodactyla,29.8,7.00E+05,nonvolant,nonfossorial,terrestrial,cathemeral
Tachyglossus_aculeatus,Mammalia,Monotremata,49.5,3500,nonvolant,semifossorial,terrestrial,cathemeral
Tadarida_teniotis,Mammalia,Chiroptera,13,35,volant,nonfossorial,volant,nocturnal
Tamandua_tetradactyla,Mammalia,Pilosa,19,4500,nonvolant,nonfossorial,semiarboreal,cathemeral
Tamias_sibiricus,Mammalia,Rodentia,9.6,85,nonvolant,semifossorial,terrestrial,diurnal
Tapirus_bairdii,Mammalia,Perissodactyla,29.6,3.00E+05,nonvolant,nonfossorial,terrestrial,nocturnal
Tapirus_indicus,Mammalia,Perissodactyla,36.5,250000,nonvolant,nonfossorial,terrestrial,crepuscular
Taurotragus_derbianus,Mammalia,Artiodactyla,20.3,680000,nonvolant,nonfossorial,terrestrial,crepuscular
Taurotragus_oryx,Mammalia,Artiodactyla,26.1,5.00E+05,nonvolant,nonfossorial,terrestrial,crepuscular
Tayassu_pecari,Mammalia,Artiodactyla,28.5,22000,nonvolant,nonfossorial,terrestrial,cathemeral
Theropithecus_gelada,Mammalia,Primates,36,16200,nonvolant,nonfossorial,terrestrial,diurnal
Tragelaphus_angasii,Mammalia,Artiodactyla,18.5,120000,nonvolant,nonfossorial,terrestrial,crepuscular
Tragelaphus_eurycerus,Mammalia,Artiodactyla,21.9,307500,nonvolant,nonfossorial,terrestrial,crepuscular
Tragelaphus_imberbis,Mammalia,Artiodactyla,19.8,82500,nonvolant,nonfossorial,terrestrial,nocturnal
Tragelaphus_scriptus,Mammalia,Artiodactyla,15.3,60000,nonvolant,nonfossorial,terrestrial,cathemeral
Tragelaphus_spekii,Mammalia,Artiodactyla,22.6,87500,nonvolant,nonfossorial,terrestrial,cathemeral
Tragelaphus_strepsiceros,Mammalia,Artiodactyla,23.5,217500,nonvolant,nonfossorial,terrestrial,cathemeral
Tragulus_javanicus,Mammalia,Artiodactyla,14,2850,nonvolant,nonfossorial,terrestrial,nocturnal
Tragulus_napu,Mammalia,Artiodactyla,16.7,6500,nonvolant,nonfossorial,terrestrial,nocturnal
Tremarctos_ornatus,Mammalia,Carnivora,39,109250,nonvolant,nonfossorial,semiarboreal,nocturnal
Trichosurus_vulpecula,Mammalia,Diprotodontia,15.9,2395,nonvolant,nonfossorial,arboreal,nocturnal
Tupaia_belangeri,Mammalia,Scandentia,11.1,200,nonvolant,nonfossorial,semiarboreal,diurnal
Tupaia_glis,Mammalia,Scandentia,12.4,200,nonvolant,nonfossorial,terrestrial,diurnal
Uncia_uncia,Mammalia,Carnivora,21.2,50000,nonvolant,nonfossorial,terrestrial,diurnal
Urocyon_cinereoargenteus,Mammalia,Carnivora,16.2,4750,nonvolant,nonfossorial,semiarboreal,nocturnal
Ursus_americanus,Mammalia,Carnivora,34,154250,nonvolant,nonfossorial,terrestrial,nocturnal
Ursus_arctos,Mammalia,Carnivora,40,277500,nonvolant,nonfossorial,terrestrial,diurnal
Ursus_thibetanus,Mammalia,Carnivora,39.2,103750,nonvolant,nonfossorial,semiarboreal,nocturnal
Varecia_variegata,Mammalia,Primates,37,3670,nonvolant,nonfossorial,arboreal,crepuscular
Vicugna_vicugna,Mammalia,Artiodactyla,31.6,50000,nonvolant,nonfossorial,terrestrial,diurnal
Vulpes_lagopus,Mammalia,Carnivora,16.3,5200,nonvolant,semifossorial,terrestrial,cathemeral
Vulpes_rueppellii,Mammalia,Carnivora,14.3,3200,nonvolant,semifossorial,terrestrial,nocturnal
Vulpes_velox,Mammalia,Carnivora,15.9,2400,nonvolant,semifossorial,terrestrial,nocturnal
Vulpes_vulpes,Mammalia,Carnivora,21.3,4131.7,nonvolant,semifossorial,terrestrial,nocturnal
Vulpes_zerda,Mammalia,Carnivora,16.3,1250,nonvolant,semifossorial,terrestrial,nocturnal
Wallabia_bicolor,Mammalia,Diprotodontia,16.8,14625,nonvolant,nonfossorial,terrestrial,nocturnal
Sterna_fuscata,Aves,Charadriiformes,35.8,148,volant,nonfossorial,aquatic,cathemeral
Rissa_brevirostris,Aves,Charadriiformes,27,377,volant,nonfossorial,aquatic,cathemeral
Rissa_tridactyla,Aves,Charadriiformes,28.5,317,volant,nonfossorial,aquatic,diurnal
Sterna_dougallii,Aves,Charadriiformes,25.7,112,volant,nonfossorial,aquatic,diurnal
Sterna_hirundo,Aves,Charadriiformes,33,120,volant,nonfossorial,aquatic,diurnal
Sterna_paradisaea,Aves,Charadriiformes,34,100,volant,nonfossorial,aquatic,cathemeral
Sterna_maxima,Aves,Charadriiformes,28.6,373,volant,nonfossorial,aquatic,cathemeral
Sterna_sandvicensis,Aves,Charadriiformes,30.8,250,volant,nonfossorial,aquatic,nocturnal
Himantopus_himantopus,Aves,Charadriiformes,10.2,161,volant,nonfossorial,terrestrial,cathemeral
Himantopus_mexicanus,Aves,Charadriiformes,19.1,186,volant,nonfossorial,terrestrial,cathemeral
Recurvirostra_avosetta,Aves,Charadriiformes,27.8,304,volant,nonfossorial,terrestrial,cathemeral
Actitis_hypoleucos,Aves,Charadriiformes,14.5,48,volant,nonfossorial,terrestrial,diurnal
Accipiter_cooperii,Aves,Accipitriformes,20.3,526.64,volant,nonfossorial,terrestrial,diurnal
Accipiter_gentilis,Aves,Accipitriformes,22,1044.2,volant,nonfossorial,terrestrial,diurnal
Accipiter_nisus,Aves,Accipitriformes,20.2,237.5,volant,nonfossorial,terrestrial,diurnal
Accipiter_striatus,Aves,Accipitriformes,19.9,135,volant,nonfossorial,terrestrial,diurnal
Aegypius_monachus,Aves,Accipitriformes,39,9625,volant,nonfossorial,terrestrial,diurnal
Aquila_chrysaetos,Aves,Accipitriformes,48,4800,volant,nonfossorial,terrestrial,diurnal
Aquila_heliaca,Aves,Accipitriformes,56,3262,volant,nonfossorial,terrestrial,diurnal
Aquila_pomarina,Aves,Accipitriformes,26.1,1370,volant,nonfossorial,terrestrial,diurnal
Aquila_rapax,Aves,Accipitriformes,40.3,1996.1,volant,nonfossorial,terrestrial,diurnal
Butastur_indicus,Aves,Accipitriformes,8.5,415,volant,nonfossorial,terrestrial,diurnal
Buteo_buteo,Aves,Accipitriformes,28.8,1012,volant,nonfossorial,terrestrial,diurnal
Buteo_jamaicensis,Aves,Accipitriformes,30.7,1362,volant,nonfossorial,terrestrial,diurnal
Buteo_lineatus,Aves,Accipitriformes,22.4,607,volant,nonfossorial,terrestrial,diurnal
Buteo_regalis,Aves,Accipitriformes,23.7,1500,volant,nonfossorial,terrestrial,diurnal
Buteo_solitarius,Aves,Accipitriformes,17,505,volant,nonfossorial,terrestrial,diurnal
Buteo_swainsoni,Aves,Accipitriformes,24.9,980.64,volant,nonfossorial,terrestrial,diurnal
Buteogallus_anthracinus,Aves,Accipitriformes,13.5,837,volant,nonfossorial,terrestrial,diurnal
Circaetus_gallicus,Aves,Accipitriformes,17.3,1699.5,volant,nonfossorial,terrestrial,diurnal
Circus_aeruginosus,Aves,Accipitriformes,20.1,711.5,volant,nonfossorial,terrestrial,diurnal
Circus_cyaneus,Aves,Accipitriformes,17.1,392,volant,nonfossorial,terrestrial,diurnal
Circus_macrourus,Aves,Accipitriformes,13.5,388.5,volant,nonfossorial,terrestrial,diurnal
Circus_pygargus,Aves,Accipitriformes,16.3,315.5,volant,nonfossorial,terrestrial,diurnal
Elanus_caeruleus,Aves,Accipitriformes,6,260.5,volant,nonfossorial,terrestrial,diurnal
Geranoaetus_melanoleucus,Aves,Accipitriformes,42,2447.5,volant,nonfossorial,terrestrial,diurnal
Gypaetus_barbatus,Aves,Accipitriformes,40,5070,volant,nonfossorial,terrestrial,diurnal
Gypohierax_angolensis,Aves,Accipitriformes,27.1,1600,volant,nonfossorial,semiarboreal,diurnal
Gyps_africanus,Aves,Accipitriformes,19.7,5433,volant,nonfossorial,terrestrial,diurnal
Gyps_fulvus,Aves,Accipitriformes,41.4,7436,volant,nonfossorial,terrestrial,diurnal
Haliaeetus_albicilla,Aves,Accipitriformes,42,6696.5,volant,nonfossorial,aquatic,diurnal
Haliaeetus_leucocephalus,Aves,Accipitriformes,48,3175,volant,nonfossorial,terrestrial,diurnal
Harpia_harpyja,Aves,Accipitriformes,16.8,4800,volant,nonfossorial,semiarboreal,diurnal
Hieraaetus_morphnoides,Aves,Accipitriformes,10.3,791,volant,nonfossorial,terrestrial,diurnal
Kaupifalco_monogrammicus,Aves,Accipitriformes,8.6,280.5,volant,nonfossorial,terrestrial,diurnal
Lophoictinia_isura,Aves,Accipitriformes,17,585.5,volant,nonfossorial,arboreal,diurnal
Milvus_migrans,Aves,Accipitriformes,24,1000,volant,nonfossorial,terrestrial,diurnal
Milvus_milvus,Aves,Accipitriformes,38,1080,volant,nonfossorial,terrestrial,diurnal
Neophron_percnopterus,Aves,Accipitriformes,37,2082,volant,nonfossorial,terrestrial,diurnal
Parabuteo_unicinctus,Aves,Accipitriformes,25,994.26,volant,nonfossorial,terrestrial,diurnal
Pernis_apivorus,Aves,Accipitriformes,29,758,volant,nonfossorial,semiarboreal,diurnal
Vultur_gryphus,Aves,Accipitriformes,79,10500,volant,nonfossorial,terrestrial,diurnal
Pandion_haliaetus,Aves,Accipitriformes,32,1362,volant,nonfossorial,aquatic,diurnal
Anas_acuta,Aves,Anseriformes,27.4,721,volant,nonfossorial,aquatic,cathemeral
Anas_clypeata,Aves,Anseriformes,22.6,613,volant,nonfossorial,aquatic,cathemeral
Anas_crecca,Aves,Anseriformes,27.1,343.8,volant,nonfossorial,aquatic,cathemeral
Anas_penelope,Aves,Anseriformes,35.2,660,volant,nonfossorial,terrestrial,cathemeral
Anas_platyrhynchos,Aves,Anseriformes,29.1,1048.1,volant,nonfossorial,aquatic,cathemeral
Anas_querquedula,Aves,Anseriformes,14.7,326,volant,nonfossorial,aquatic,diurnal
Anas_strepera,Aves,Anseriformes,28,791,volant,nonfossorial,aquatic,diurnal
Anser_albifrons,Aves,Anseriformes,47,2681,volant,nonfossorial,terrestrial,cathemeral
Anser_anser,Aves,Anseriformes,31,3308.5,volant,nonfossorial,terrestrial,cathemeral
Anser_brachyrhynchus,Aves,Anseriformes,40.9,2645,volant,nonfossorial,terrestrial,cathemeral
Anser_fabalis,Aves,Anseriformes,25.6,3348,volant,nonfossorial,terrestrial,diurnal
Aythya_ferina,Aves,Anseriformes,23.2,823,volant,nonfossorial,aquatic,cathemeral
Aythya_fuligula,Aves,Anseriformes,45.2,701.5,volant,nonfossorial,aquatic,diurnal
Aythya_marila,Aves,Anseriformes,22.1,928.5,volant,nonfossorial,aquatic,cathemeral
Branta_bernicla,Aves,Anseriformes,28.8,1163.2,volant,nonfossorial,terrestrial,cathemeral
Branta_canadensis,Aves,Anseriformes,42,3200,volant,nonfossorial,terrestrial,cathemeral
Branta_leucopsis,Aves,Anseriformes,28.2,1687,volant,nonfossorial,terrestrial,cathemeral
Bucephala_clangula,Aves,Anseriformes,18.4,895.86,volant,nonfossorial,aquatic,diurnal
Cereopsis_novaehollandiae,Aves,Anseriformes,28.1,3980,volant,nonfossorial,terrestrial,diurnal
Cygnus_columbianus,Aves,Anseriformes,24.1,6350,volant,nonfossorial,aquatic,cathemeral
Cygnus_cygnus,Aves,Anseriformes,26.5,9350,volant,nonfossorial,terrestrial,diurnal
Cygnus_olor,Aves,Anseriformes,70,8300,volant,nonfossorial,aquatic,diurnal
Dendrocygna_viduata,Aves,Anseriformes,12,610,volant,nonfossorial,aquatic,nocturnal
Melanitta_fusca,Aves,Anseriformes,21.4,1360.8,volant,nonfossorial,aquatic,cathemeral
Melanitta_nigra,Aves,Anseriformes,16.8,1052.2,volant,nonfossorial,aquatic,diurnal
Mergellus_albellus,Aves,Anseriformes,10,610,volant,nonfossorial,aquatic,diurnal
Mergus_merganser,Aves,Anseriformes,14.8,1445,volant,nonfossorial,aquatic,diurnal
Netta_rufina,Aves,Anseriformes,8.8,1118,volant,nonfossorial,aquatic,diurnal
Oxyura_jamaicensis,Aves,Anseriformes,13.6,542,volant,nonfossorial,aquatic,diurnal
Polysticta_stelleri,Aves,Anseriformes,23,907.2,volant,nonfossorial,aquatic,diurnal
Somateria_mollissima,Aves,Anseriformes,37.8,2130,volant,nonfossorial,aquatic,cathemeral
Tadorna_tadorna,Aves,Anseriformes,24.8,1152,volant,nonfossorial,aquatic,cathemeral
Aeronautes_saxatalis,Aves,Apodiformes,10,31,volant,nonfossorial,volant,diurnal
Apus_apus,Aves,Apodiformes,21.1,37.6,volant,nonfossorial,volant,diurnal
Tachymarptis_melba,Aves,Apodiformes,26,102.7,volant,nonfossorial,volant,diurnal
Cypseloides_niger,Aves,Apodiformes,16.1,45,volant,nonfossorial,volant,diurnal
Buceros_bicornis,Aves,Bucerotiformes,33.4,2798.5,volant,nonfossorial,arboreal,diurnal
Bycanistes_subcylindricus,Aves,Bucerotiformes,31.8,1250,volant,nonfossorial,arboreal,diurnal
Bucorvus_cafer,Aves,Bucerotiformes,70,3767.5,volant,nonfossorial,semiarboreal,diurnal
Brachyramphus_marmoratus,Aves,Charadriiformes,10,222,volant,nonfossorial,aquatic,crepuscular
Ptychoramphus_aleuticus,Aves,Charadriiformes,16.2,184,volant,nonfossorial,aquatic,cathemeral
Uria_aalge,Aves,Charadriiformes,42.8,992,volant,nonfossorial,aquatic,diurnal
Uria_lomvia,Aves,Charadriiformes,29,964,volant,nonfossorial,aquatic,diurnal
Burhinus_oedicnemus,Aves,Charadriiformes,17.9,459,volant,nonfossorial,terrestrial,nocturnal
Charadrius_hiaticula,Aves,Charadriiformes,20.8,64,volant,nonfossorial,terrestrial,cathemeral
Charadrius_melodus,Aves,Charadriiformes,14,49,volant,nonfossorial,terrestrial,cathemeral
Eudromias_morinellus,Aves,Charadriiformes,11.8,108.5,volant,nonfossorial,terrestrial,cathemeral
Pluvialis_squatarola,Aves,Charadriiformes,25.6,224,volant,nonfossorial,terrestrial,cathemeral
Vanellus_vanellus,Aves,Charadriiformes,24.5,218.5,volant,nonfossorial,terrestrial,cathemeral
Haematopus_ostralegus,Aves,Charadriiformes,43.3,480,volant,nonfossorial,terrestrial,cathemeral
Larus_ridibundus,Aves,Charadriiformes,32.9,306,volant,nonfossorial,aquatic,cathemeral
Larus_audouinii,Aves,Charadriiformes,20.9,535,volant,nonfossorial,aquatic,cathemeral
Larus_argentatus,Aves,Charadriiformes,49,1094,volant,nonfossorial,terrestrial,cathemeral
Larus_canus,Aves,Charadriiformes,33.7,430.6,volant,nonfossorial,terrestrial,diurnal
Calidris_ferruginea,Aves,Charadriiformes,19.7,58.1,volant,nonfossorial,terrestrial,cathemeral
Calidris_maritima,Aves,Charadriiformes,20.8,65.2,volant,nonfossorial,terrestrial,diurnal
Calidris_minuta,Aves,Charadriiformes,14.7,21.1,volant,nonfossorial,terrestrial,diurnal
Calidris_minutilla,Aves,Charadriiformes,16,26,volant,nonfossorial,terrestrial,cathemeral
Gallinago_gallinago,Aves,Charadriiformes,18.2,131.6,volant,nonfossorial,terrestrial,crepuscular
Limosa_lapponica,Aves,Charadriiformes,34,322,volant,nonfossorial,terrestrial,cathemeral
Limosa_limosa,Aves,Charadriiformes,23.6,294,volant,nonfossorial,terrestrial,diurnal
Lymnocryptes_minimus,Aves,Charadriiformes,12.3,50.2,volant,nonfossorial,terrestrial,nocturnal
Numenius_arquata,Aves,Charadriiformes,31.8,728,volant,nonfossorial,terrestrial,cathemeral
Philomachus_pugnax,Aves,Charadriiformes,13.9,136,volant,nonfossorial,terrestrial,cathemeral
Scolopax_rusticola,Aves,Charadriiformes,15.5,308.3,volant,nonfossorial,terrestrial,nocturnal
Tringa_erythropus,Aves,Charadriiformes,8.6,158,volant,nonfossorial,aquatic,cathemeral
Tringa_nebularia,Aves,Charadriiformes,24.4,187,volant,nonfossorial,terrestrial,cathemeral
Tringa_totanus,Aves,Charadriiformes,26.9,149,volant,nonfossorial,terrestrial,cathemeral
Catharacta_antarctica,Aves,Charadriiformes,28.8,1687,volant,nonfossorial,terrestrial,nocturnal
Catharacta_skua,Aves,Charadriiformes,34.5,1340,volant,nonfossorial,aquatic,diurnal
Ciconia_abdimii,Aves,Ciconiiformes,21.6,1398,volant,nonfossorial,terrestrial,diurnal
Ciconia_boyciana,Aves,Ciconiiformes,48.1,4850.5,volant,nonfossorial,terrestrial,diurnal
Ciconia_ciconia,Aves,Ciconiiformes,39,3350,volant,nonfossorial,terrestrial,diurnal
Ciconia_episcopus,Aves,Ciconiiformes,30.2,2061,volant,nonfossorial,terrestrial,diurnal
Ciconia_maguari,Aves,Ciconiiformes,20.4,4000,volant,nonfossorial,aquatic,diurnal
Ciconia_nigra,Aves,Ciconiiformes,31.3,2926,volant,nonfossorial,aquatic,diurnal
Ephippiorhynchus_senegalensis,Aves,Ciconiiformes,30.2,6162.5,volant,nonfossorial,aquatic,diurnal
Leptoptilos_crumeniferus,Aves,Ciconiiformes,44.7,8000,volant,nonfossorial,terrestrial,diurnal
Leptoptilos_javanicus,Aves,Ciconiiformes,31.1,5710,volant,nonfossorial,aquatic,diurnal
Mycteria_ibis,Aves,Ciconiiformes,19.1,2166.5,volant,nonfossorial,aquatic,diurnal
Mycteria_leucocephala,Aves,Ciconiiformes,28.6,3180,volant,nonfossorial,aquatic,diurnal
Colius_striatus,Aves,Coliiformes,11.5,51,volant,nonfossorial,semiarboreal,diurnal
Caloenas_nicobarica,Aves,Columbiformes,20.5,519,volant,nonfossorial,terrestrial,crepuscular
Columba_livia,Aves,Columbiformes,35,358.7,volant,nonfossorial,terrestrial,diurnal
Columba_oenas,Aves,Columbiformes,12.6,291,volant,nonfossorial,terrestrial,diurnal
Columba_palumbus,Aves,Columbiformes,17.7,490,volant,nonfossorial,semiarboreal,diurnal
Geopelia_striata,Aves,Columbiformes,14,56.6,volant,nonfossorial,terrestrial,diurnal
Streptopelia_decaocto,Aves,Columbiformes,17.9,157.4,volant,nonfossorial,terrestrial,diurnal
Streptopelia_turtur,Aves,Columbiformes,13.2,132,volant,nonfossorial,terrestrial,diurnal
Alcedo_atthis,Aves,Coraciiformes,21,31.4,volant,semifossorial,aquatic,diurnal
Ceryle_rudis,Aves,Coraciiformes,3.9,84.4,volant,semifossorial,aquatic,diurnal
Chloroceryle_americana,Aves,Coraciiformes,5,34,volant,nonfossorial,aquatic,diurnal
Dacelo_novaeguineae,Aves,Coraciiformes,26.8,305,volant,nonfossorial,terrestrial,diurnal
Halcyon_smyrnensis,Aves,Coraciiformes,5.5,91.4,volant,nonfossorial,aquatic,diurnal
Coracias_caudatus,Aves,Coraciiformes,13.7,108,volant,nonfossorial,terrestrial,diurnal
Coracias_garrulus,Aves,Coraciiformes,9.2,146,volant,nonfossorial,terrestrial,diurnal
Merops_apiaster,Aves,Coraciiformes,5.9,56.6,volant,semifossorial,volant,diurnal
Merops_bullockoides,Aves,Coraciiformes,7,34.8,volant,semifossorial,volant,diurnal
Todus_mexicanus,Aves,Coraciiformes,12.6,5.9,volant,nonfossorial,arboreal,diurnal
Crax_rubra,Aves,Craciformes,24,4133,volant,nonfossorial,semiarboreal,diurnal
Ortalis_vetula,Aves,Craciformes,8.8,495.5,volant,nonfossorial,semiarboreal,diurnal
Alectura_lathami,Aves,Craciformes,12.5,2340,volant,nonfossorial,terrestrial,diurnal
Cuculus_canorus,Aves,Cuculiformes,12.9,111.5,volant,nonfossorial,semiarboreal,diurnal
Geococcyx_californianus,Aves,Cuculiformes,9,376,volant,nonfossorial,terrestrial,diurnal
Coccyzus_vieilloti,Aves,Cuculiformes,7.6,81.9,volant,nonfossorial,arboreal,diurnal
Falco_cherrug,Aves,Falconiformes,15.9,966,volant,nonfossorial,terrestrial,diurnal
Falco_columbarius,Aves,Falconiformes,12.7,195,volant,nonfossorial,volant,diurnal
Falco_eleonorae,Aves,Falconiformes,11.2,390,volant,nonfossorial,volant,crepuscular
Falco_naumanni,Aves,Falconiformes,10.9,152.5,volant,nonfossorial,terrestrial,diurnal
Falco_peregrinus,Aves,Falconiformes,25,840,volant,nonfossorial,volant,cathemeral
Falco_rusticolus,Aves,Falconiformes,13.5,1406.5,volant,nonfossorial,terrestrial,cathemeral
Falco_sparverius,Aves,Falconiformes,17,117,volant,nonfossorial,terrestrial,diurnal
Falco_subbuteo,Aves,Falconiformes,14.9,209.5,volant,nonfossorial,volant,crepuscular
Falco_tinnunculus,Aves,Falconiformes,23.8,184,volant,nonfossorial,terrestrial,diurnal
Falco_vespertinus,Aves,Falconiformes,13.2,152.5,volant,nonfossorial,terrestrial,crepuscular
Callipepla_californica,Aves,Galliformes,9.6,138,volant,nonfossorial,terrestrial,diurnal
Callipepla_gambelii,Aves,Galliformes,7.4,166,volant,nonfossorial,terrestrial,diurnal
Colinus_virginianus,Aves,Galliformes,6.4,194,volant,nonfossorial,terrestrial,diurnal
Alectoris_rufa,Aves,Galliformes,6.2,528,volant,nonfossorial,terrestrial,diurnal
Bonasa_umbellus,Aves,Galliformes,11,532,volant,nonfossorial,terrestrial,diurnal
Centrocercus_urophasianus,Aves,Galliformes,7,1929.5,volant,nonfossorial,terrestrial,diurnal
Chrysolophus_amherstiae,Aves,Galliformes,19.6,738,volant,nonfossorial,terrestrial,diurnal
Coturnix_coturnix,Aves,Galliformes,14.6,96.5,volant,nonfossorial,terrestrial,diurnal
Coturnix_japonica,Aves,Galliformes,6,115,volant,nonfossorial,terrestrial,diurnal
Dendragapus_obscurus,Aves,Galliformes,14,1058.5,volant,nonfossorial,terrestrial,diurnal
Dendragapus_canadensis,Aves,Galliformes,13,417.3,volant,nonfossorial,terrestrial,diurnal
Francolinus_francolinus,Aves,Galliformes,7,453,volant,nonfossorial,terrestrial,diurnal
Francolinus_pondicerianus,Aves,Galliformes,8,334,volant,nonfossorial,terrestrial,diurnal
Gallus_gallus,Aves,Galliformes,30,779.8,volant,nonfossorial,terrestrial,diurnal
Tetrao_tetrix,Aves,Galliformes,12.2,1079,volant,nonfossorial,terrestrial,diurnal
Meleagris_gallopavo,Aves,Galliformes,13,6050,volant,nonfossorial,terrestrial,diurnal
Pavo_cristatus,Aves,Galliformes,23.2,4200,volant,nonfossorial,terrestrial,diurnal
Perdix_perdix,Aves,Galliformes,5.2,492,volant,nonfossorial,terrestrial,diurnal
Phasianus_colchicus,Aves,Galliformes,27,1094.8,volant,nonfossorial,terrestrial,diurnal
Polyplectron_napoleonis,Aves,Galliformes,15,550,volant,nonfossorial,terrestrial,diurnal
Syrmaticus_reevesii,Aves,Galliformes,9.2,1239,volant,nonfossorial,terrestrial,diurnal
Tetrao_urogallus,Aves,Galliformes,18,2950,volant,nonfossorial,terrestrial,diurnal
Bonasa_bonasia,Aves,Galliformes,7.2,429,volant,nonfossorial,terrestrial,diurnal
Tympanuchus_cupido,Aves,Galliformes,5,908,volant,nonfossorial,terrestrial,diurnal
Tympanuchus_phasianellus,Aves,Galliformes,7.5,908,volant,nonfossorial,terrestrial,diurnal
Grus_virgo,Aves,Gruiformes,27,2400,volant,nonfossorial,terrestrial,diurnal
Balearica_regulorum,Aves,Gruiformes,27.2,3372,volant,nonfossorial,terrestrial,diurnal
Grus_americana,Aves,Gruiformes,40,7500,volant,nonfossorial,terrestrial,diurnal
Grus_antigone,Aves,Gruiformes,41.8,8663,volant,nonfossorial,terrestrial,diurnal
Grus_canadensis,Aves,Gruiformes,36.6,3890,volant,nonfossorial,terrestrial,diurnal
Grus_grus,Aves,Gruiformes,43,5500,volant,nonfossorial,terrestrial,diurnal
Grus_japonensis,Aves,Gruiformes,25.2,8500,volant,nonfossorial,terrestrial,diurnal
Grus_leucogeranus,Aves,Gruiformes,36.2,5931,volant,nonfossorial,terrestrial,diurnal
Grus_rubicunda,Aves,Gruiformes,33,6250.5,volant,nonfossorial,terrestrial,diurnal
Grus_vipio,Aves,Gruiformes,45,5400,volant,nonfossorial,terrestrial,diurnal
Otis_tarda,Aves,Gruiformes,28.3,7895.5,volant,nonfossorial,terrestrial,diurnal
Fulica_atra,Aves,Gruiformes,20.6,734.3,volant,nonfossorial,terrestrial,cathemeral
Gallinula_chloropus,Aves,Gruiformes,18.6,392,volant,nonfossorial,terrestrial,diurnal
Rallus_longirostris,Aves,Gruiformes,7.5,308,volant,nonfossorial,terrestrial,cathemeral
Tauraco_leucotis,Aves,Musophagiformes,12.4,265,volant,nonfossorial,arboreal,diurnal
Alauda_arvensis,Aves,Passeriformes,10.1,37.5,volant,nonfossorial,terrestrial,crepuscular
Eremophila_alpestris,Aves,Passeriformes,8,33.5,volant,nonfossorial,terrestrial,diurnal
Galerida_cristata,Aves,Passeriformes,11.6,42.9,volant,nonfossorial,terrestrial,diurnal
Lullula_arborea,Aves,Passeriformes,6,26.9,volant,nonfossorial,terrestrial,diurnal
Bombycilla_garrulus,Aves,Passeriformes,13.5,54.5,volant,nonfossorial,arboreal,diurnal
Certhia_familiaris,Aves,Passeriformes,8.2,9.1,volant,nonfossorial,arboreal,diurnal
Polioptila_caerulea,Aves,Passeriformes,4.2,6.5,volant,nonfossorial,arboreal,diurnal
Polioptila_californica,Aves,Passeriformes,8,6,volant,nonfossorial,arboreal,diurnal
Cinclus_cinclus,Aves,Passeriformes,10.6,61.7,volant,nonfossorial,aquatic,diurnal
Corvus_corax,Aves,Passeriformes,69,1041.2,volant,nonfossorial,terrestrial,diurnal
Corvus_frugilegus,Aves,Passeriformes,22.9,453.5,volant,nonfossorial,terrestrial,diurnal
Corvus_monedula,Aves,Passeriformes,20.3,246,volant,nonfossorial,terrestrial,diurnal
Garrulus_glandarius,Aves,Passeriformes,17.9,159.7,volant,nonfossorial,arboreal,diurnal
Nucifraga_caryocatactes,Aves,Passeriformes,16.2,183,volant,nonfossorial,semiarboreal,diurnal
Perisoreus_infaustus,Aves,Passeriformes,17.9,84.4,volant,nonfossorial,semiarboreal,diurnal
Pica_pica,Aves,Passeriformes,21.7,178,volant,nonfossorial,terrestrial,diurnal
Plectrophenax_nivalis,Aves,Passeriformes,9.6,41.8,volant,nonfossorial,terrestrial,diurnal
Carduelis_cannabina,Aves,Passeriformes,9.4,19.5,volant,nonfossorial,semiarboreal,diurnal
Carduelis_chloris,Aves,Passeriformes,13.6,26,volant,nonfossorial,semiarboreal,diurnal
Carduelis_flammea,Aves,Passeriformes,12.2,14.2,volant,semifossorial,semiarboreal,diurnal
Carduelis_flavirostris,Aves,Passeriformes,6.1,15.4,volant,nonfossorial,semiarboreal,diurnal
Carduelis_hornemanni,Aves,Passeriformes,6.8,19.25,volant,nonfossorial,terrestrial,diurnal
Carduelis_psaltria,Aves,Passeriformes,5.7,9.23,volant,nonfossorial,terrestrial,diurnal
Carduelis_spinus,Aves,Passeriformes,13.5,13.2,volant,nonfossorial,semiarboreal,diurnal
Carpodacus_mexicanus,Aves,Passeriformes,11.6,21.4,volant,nonfossorial,semiarboreal,diurnal
Fringilla_montifringilla,Aves,Passeriformes,14.8,23.2,volant,nonfossorial,semiarboreal,diurnal
Delichon_urbicum,Aves,Passeriformes,15,14.5,volant,nonfossorial,volant,diurnal
Hirundo_daurica,Aves,Passeriformes,9,22.2,volant,nonfossorial,volant,diurnal
Hirundo_rustica,Aves,Passeriformes,16,18.3,volant,nonfossorial,volant,diurnal
Petrochelidon_pyrrhonota,Aves,Passeriformes,11.8,23.24,volant,nonfossorial,volant,diurnal
Progne_subis,Aves,Passeriformes,13.8,45,volant,nonfossorial,volant,diurnal
Riparia_riparia,Aves,Passeriformes,10,12.7,volant,semifossorial,volant,diurnal
Stelgidopteryx_ruficollis,Aves,Passeriformes,5.9,16,volant,nonfossorial,volant,diurnal
Tachycineta_bicolor,Aves,Passeriformes,12.1,19,volant,nonfossorial,volant,diurnal
Tachycineta_thalassina,Aves,Passeriformes,9.1,14.2,volant,nonfossorial,volant,diurnal
Lanius_collurio,Aves,Passeriformes,10.1,28.4,volant,nonfossorial,terrestrial,diurnal
Lanius_excubitor,Aves,Passeriformes,12,63.5,volant,nonfossorial,terrestrial,diurnal
Lanius_senator,Aves,Passeriformes,5.7,36,volant,nonfossorial,terrestrial,diurnal
Anthus_cervinus,Aves,Passeriformes,4.5,20.9,volant,nonfossorial,terrestrial,diurnal
Anthus_pratensis,Aves,Passeriformes,8.8,18.4,volant,nonfossorial,terrestrial,diurnal
Anthus_spinoletta,Aves,Passeriformes,8.8,21.2,volant,nonfossorial,terrestrial,diurnal
Anthus_trivialis,Aves,Passeriformes,8.8,23.4,volant,nonfossorial,terrestrial,diurnal
Motacilla_cinerea,Aves,Passeriformes,8,17.2,volant,nonfossorial,terrestrial,diurnal
Motacilla_flava,Aves,Passeriformes,8.8,17.7,volant,nonfossorial,terrestrial,diurnal
Copsychus_malabaricus,Aves,Passeriformes,7,29.35,volant,nonfossorial,semiarboreal,crepuscular
Ficedula_albicollis,Aves,Passeriformes,9.8,12.7,volant,nonfossorial,arboreal,diurnal
Ficedula_hypoleuca,Aves,Passeriformes,15,13.9,volant,nonfossorial,semiarboreal,diurnal
Oriolus_oriolus,Aves,Passeriformes,14.8,79,volant,nonfossorial,semiarboreal,diurnal
Paradisaea_apoda,Aves,Passeriformes,12.1,172,volant,nonfossorial,arboreal,diurnal
Sericornis_frontalis,Aves,Passeriformes,17.6,13.4,volant,nonfossorial,semiarboreal,diurnal
Baeolophus_bicolor,Aves,Passeriformes,13.3,21,volant,nonfossorial,semiarboreal,diurnal
Parus_caeruleus,Aves,Passeriformes,14.6,10.3,volant,nonfossorial,arboreal,diurnal
Parus_major,Aves,Passeriformes,15.4,17.9,volant,nonfossorial,semiarboreal,diurnal
Wilsonia_canadensis,Aves,Passeriformes,8,10,volant,nonfossorial,semiarboreal,diurnal
Passer_domesticus,Aves,Passeriformes,23,25.3,volant,nonfossorial,semiarboreal,diurnal
Passer_hispaniolensis,Aves,Passeriformes,11.2,24.2,volant,nonfossorial,semiarboreal,diurnal
Petronia_petronia,Aves,Passeriformes,7,30.2,volant,nonfossorial,terrestrial,diurnal
Pycnonotus_xanthopygos,Aves,Passeriformes,8.8,38.1,volant,nonfossorial,semiarboreal,diurnal
Auriparus_flaviceps,Aves,Passeriformes,5.6,6.8,volant,nonfossorial,arboreal,diurnal
Remiz_pendulinus,Aves,Passeriformes,7,9.3,volant,nonfossorial,arboreal,diurnal
Sitta_europaea,Aves,Passeriformes,12.9,20.4,volant,nonfossorial,semiarboreal,diurnal
Sturnus_vulgaris,Aves,Passeriformes,22.9,74,volant,nonfossorial,semiarboreal,diurnal
Acrocephalus_arundinaceus,Aves,Passeriformes,10.1,30,volant,nonfossorial,semiarboreal,diurnal
Acrocephalus_dumetorum,Aves,Passeriformes,7.8,11.2,volant,nonfossorial,semiarboreal,diurnal
Acrocephalus_schoenobaenus,Aves,Passeriformes,11.8,11.8,volant,nonfossorial,semiarboreal,crepuscular
Acrocephalus_scirpaceus,Aves,Passeriformes,14,12.3,volant,nonfossorial,semiarboreal,diurnal
Hippolais_icterina,Aves,Passeriformes,10.8,13.2,volant,nonfossorial,arboreal,diurnal
Locustella_fluviatilis,Aves,Passeriformes,6.9,16.1,volant,nonfossorial,terrestrial,diurnal
Phylloscopus_collybita,Aves,Passeriformes,8,8.3,volant,nonfossorial,semiarboreal,diurnal
Phylloscopus_sibilatrix,Aves,Passeriformes,10.2,9.2,volant,nonfossorial,semiarboreal,diurnal
Sylvia_curruca,Aves,Passeriformes,9,11.4,volant,nonfossorial,arboreal,diurnal
Troglodytes_troglodytes,Aves,Passeriformes,7,9.1,volant,nonfossorial,semiarboreal,diurnal
Zoothera_naevia,Aves,Passeriformes,5.6,78.5,volant,nonfossorial,semiarboreal,crepuscular
Turdus_iliacus,Aves,Passeriformes,18.8,61.2,volant,nonfossorial,terrestrial,diurnal
Turdus_merula,Aves,Passeriformes,21.8,103.2,volant,nonfossorial,terrestrial,diurnal
Turdus_pilaris,Aves,Passeriformes,18.1,106,volant,nonfossorial,semiarboreal,diurnal
Turdus_torquatus,Aves,Passeriformes,9.1,109,volant,nonfossorial,semiarboreal,diurnal
Camptostoma_imberbe,Aves,Passeriformes,5.8,7.4,volant,nonfossorial,arboreal,diurnal
Contopus_cooperi,Aves,Passeriformes,11.1,32.8,volant,nonfossorial,volant,diurnal
Contopus_sordidulus,Aves,Passeriformes,8.1,12.8,volant,nonfossorial,volant,diurnal
Elaenia_martinica,Aves,Passeriformes,13.6,20.9,volant,nonfossorial,arboreal,diurnal
Empidonax_alnorum,Aves,Passeriformes,9.1,13.5,volant,nonfossorial,volant,diurnal
Empidonax_difficilis,Aves,Passeriformes,6.9,11,volant,nonfossorial,volant,diurnal
Empidonax_hammondii,Aves,Passeriformes,7,10.4,volant,nonfossorial,arboreal,diurnal
Empidonax_minimus,Aves,Passeriformes,8,10,volant,nonfossorial,volant,diurnal
Empidonax_oberholseri,Aves,Passeriformes,9,10.95,volant,nonfossorial,volant,diurnal
Empidonax_traillii,Aves,Passeriformes,11,12.6,volant,nonfossorial,volant,diurnal
Empidonax_virescens,Aves,Passeriformes,12.1,12.6,volant,nonfossorial,arboreal,diurnal
Myiarchus_antillarum,Aves,Passeriformes,13.6,23.4,volant,nonfossorial,arboreal,diurnal
Myiarchus_cinerascens,Aves,Passeriformes,11.9,28.5,volant,nonfossorial,arboreal,diurnal
Myiarchus_tyrannulus,Aves,Passeriformes,11,35,volant,nonfossorial,arboreal,diurnal
Pyrocephalus_rubinus,Aves,Passeriformes,5.5,12.87,volant,nonfossorial,volant,diurnal
Sayornis_nigricans,Aves,Passeriformes,8,18.25,volant,nonfossorial,volant,diurnal
Sayornis_phoebe,Aves,Passeriformes,10.3,19.7,volant,nonfossorial,volant,diurnal
Vireo_solitarius,Aves,Passeriformes,7.4,16,volant,nonfossorial,arboreal,diurnal
Zosterops_japonicus,Aves,Passeriformes,5.1,11.25,volant,nonfossorial,semiarboreal,diurnal
Zosterops_lateralis,Aves,Passeriformes,13,12.7,volant,nonfossorial,semiarboreal,diurnal
Casmerodius_albus,Aves,Pelecaniformes,22.8,873.5,volant,nonfossorial,terrestrial,diurnal
Ardea_cinerea,Aves,Pelecaniformes,37.5,1443,volant,nonfossorial,terrestrial,cathemeral
Ardea_herodias,Aves,Pelecaniformes,24.5,1870,volant,nonfossorial,terrestrial,cathemeral
Ardea_purpurea,Aves,Pelecaniformes,25.4,1065.5,volant,nonfossorial,terrestrial,diurnal
Botaurus_stellaris,Aves,Pelecaniformes,11.3,1324.5,volant,nonfossorial,terrestrial,nocturnal
Bubulcus_ibis,Aves,Pelecaniformes,23,390,volant,nonfossorial,terrestrial,diurnal
Butorides_virescens,Aves,Pelecaniformes,11.6,175,volant,nonfossorial,terrestrial,nocturnal
Egretta_caerulea,Aves,Pelecaniformes,13.9,339.5,volant,nonfossorial,terrestrial,diurnal
Egretta_garzetta,Aves,Pelecaniformes,22.3,312,volant,nonfossorial,terrestrial,diurnal
Egretta_thula,Aves,Pelecaniformes,22.8,314,volant,nonfossorial,terrestrial,diurnal
Ixobrychus_minutus,Aves,Pelecaniformes,6.9,101,volant,nonfossorial,terrestrial,diurnal
Nycticorax_nycticorax,Aves,Pelecaniformes,21.1,800,volant,nonfossorial,terrestrial,nocturnal
Pelecanus_crispus,Aves,Pelecaniformes,35.3,9550,volant,nonfossorial,aquatic,diurnal
Pelecanus_erythrorhynchos,Aves,Pelecaniformes,54,6129,volant,nonfossorial,aquatic,diurnal
Pelecanus_occidentalis,Aves,Pelecaniformes,43,3115.8,volant,nonfossorial,aquatic,diurnal
Pelecanus_onocrotalus,Aves,Pelecaniformes,51,9520,volant,nonfossorial,aquatic,diurnal
Geronticus_eremita,Aves,Pelecaniformes,32.9,1202,volant,nonfossorial,terrestrial,diurnal
Platalea_leucorodia,Aves,Pelecaniformes,30.1,1868,volant,nonfossorial,terrestrial,cathemeral
Platalea_minor,Aves,Pelecaniformes,15,1228,volant,nonfossorial,terrestrial,crepuscular
Threskiornis_aethiopicus,Aves,Pelecaniformes,37,1530,volant,nonfossorial,terrestrial,diurnal
Phaethon_aethereus,Aves,Phaethontiformes,17.6,750,volant,nonfossorial,aquatic,diurnal
Phoeniconaias_minor,Aves,Phoenicopteriformes,41,1500,volant,nonfossorial,aquatic,cathemeral
Phoenicopterus_roseus,Aves,Phoenicopteriformes,44,2500,volant,nonfossorial,aquatic,cathemeral
Dendrocopos_leucotos,Aves,Piciformes,15.9,117,volant,nonfossorial,arboreal,diurnal
Dendrocopos_major,Aves,Piciformes,12.7,75.1,volant,nonfossorial,arboreal,diurnal
Dendrocopos_medius,Aves,Piciformes,8,59,volant,nonfossorial,arboreal,diurnal
Dendrocopos_minor,Aves,Piciformes,9.8,19.8,volant,nonfossorial,arboreal,diurnal
Dendrocopos_syriacus,Aves,Piciformes,10.9,76.8,volant,nonfossorial,semiarboreal,diurnal
Dryocopus_martius,Aves,Piciformes,14,321,volant,nonfossorial,semiarboreal,diurnal
Melanerpes_uropygialis,Aves,Piciformes,11,65,volant,nonfossorial,semiarboreal,diurnal
Picoides_borealis,Aves,Piciformes,16.1,56,volant,nonfossorial,arboreal,diurnal
Picoides_nuttallii,Aves,Piciformes,7.8,37.4,volant,nonfossorial,arboreal,diurnal
Picoides_pubescens,Aves,Piciformes,11.9,25.6,volant,nonfossorial,arboreal,diurnal
Picoides_tridactylus,Aves,Piciformes,11.2,65.7,volant,nonfossorial,semiarboreal,diurnal
Picoides_villosus,Aves,Piciformes,15.9,62,volant,nonfossorial,arboreal,diurnal
Picus_viridis,Aves,Piciformes,15.2,176,volant,nonfossorial,terrestrial,diurnal
Sphyrapicus_nuchalis,Aves,Piciformes,4.9,48.5,volant,nonfossorial,arboreal,diurnal
Sphyrapicus_ruber,Aves,Piciformes,4.8,55,volant,nonfossorial,arboreal,diurnal
Sphyrapicus_varius,Aves,Piciformes,7.8,45,volant,nonfossorial,arboreal,diurnal
Ramphastos_toco,Aves,Piciformes,16.2,540,volant,nonfossorial,arboreal,diurnal
Podiceps_cristatus,Aves,Podicipediformes,19.2,738.7,volant,nonfossorial,aquatic,diurnal
Tachybaptus_ruficollis,Aves,Podicipediformes,17.5,174,volant,nonfossorial,aquatic,diurnal
Diomedea_epomophora,Aves,Procellariiformes,58,9000,volant,nonfossorial,aquatic,nocturnal
Diomedea_exulans,Aves,Procellariiformes,50,7046.7,volant,nonfossorial,aquatic,nocturnal
Phoebastria_immutabilis,Aves,Procellariiformes,60,3150,volant,nonfossorial,aquatic,cathemeral
Phoebastria_irrorata,Aves,Procellariiformes,40,3395,volant,nonfossorial,aquatic,nocturnal
Phoebastria_nigripes,Aves,Procellariiformes,42.1,2800,volant,nonfossorial,aquatic,cathemeral
Thalassarche_chlororhynchos,Aves,Procellariiformes,37,3890,volant,nonfossorial,aquatic,cathemeral
Thalassarche_chrysostoma,Aves,Procellariiformes,47.2,3753,volant,nonfossorial,aquatic,cathemeral
Thalassarche_melanophrys,Aves,Procellariiformes,43.7,3232,volant,nonfossorial,aquatic,cathemeral
Oceanodroma_castro,Aves,Procellariiformes,36,42,volant,nonfossorial,aquatic,diurnal
Oceanodroma_leucorhoa,Aves,Procellariiformes,36,44.6,volant,nonfossorial,aquatic,cathemeral
Calonectris_diomedea,Aves,Procellariiformes,24.8,535,volant,nonfossorial,aquatic,nocturnal
Daption_capense,Aves,Procellariiformes,25,408.6,volant,nonfossorial,aquatic,cathemeral
Fulmarus_glacialis,Aves,Procellariiformes,51,908,volant,nonfossorial,aquatic,cathemeral
Pterodroma_hypoleuca,Aves,Procellariiformes,30.8,168.6,volant,nonfossorial,aquatic,nocturnal
Puffinus_carneipes,Aves,Procellariiformes,30.2,690,volant,nonfossorial,aquatic,cathemeral
Puffinus_pacificus,Aves,Procellariiformes,29,337.8,volant,nonfossorial,aquatic,cathemeral
Puffinus_puffinus,Aves,Procellariiformes,50.9,434,volant,nonfossorial,aquatic,diurnal
Agapornis_lilianae,Aves,Psittaciformes,19.2,37.3,volant,nonfossorial,semiarboreal,diurnal
Alisterus_scapularis,Aves,Psittaciformes,26.6,232.5,volant,nonfossorial,semiarboreal,diurnal
Amazona_aestiva,Aves,Psittaciformes,49,451,volant,nonfossorial,arboreal,diurnal
Amazona_albifrons,Aves,Psittaciformes,25.3,215,volant,nonfossorial,arboreal,diurnal
Amazona_amazonica,Aves,Psittaciformes,30,370,volant,nonfossorial,arboreal,diurnal
Amazona_autumnalis,Aves,Psittaciformes,27,416,volant,nonfossorial,arboreal,diurnal
Amazona_festiva,Aves,Psittaciformes,24.5,430,volant,nonfossorial,arboreal,diurnal
Amazona_finschi,Aves,Psittaciformes,25.8,302,volant,nonfossorial,semiarboreal,diurnal
Aprosmictus_erythropterus,Aves,Psittaciformes,24.4,136,volant,nonfossorial,semiarboreal,diurnal
Ara_ararauna,Aves,Psittaciformes,43,1030,volant,nonfossorial,arboreal,diurnal
Ara_glaucogularis,Aves,Psittaciformes,22,784,volant,nonfossorial,arboreal,diurnal
Ara_macao,Aves,Psittaciformes,33,1040,volant,nonfossorial,arboreal,diurnal
Ara_militaris,Aves,Psittaciformes,46,1134,volant,nonfossorial,arboreal,diurnal
Ara_rubrogenys,Aves,Psittaciformes,23,470,volant,nonfossorial,semiarboreal,diurnal
Aratinga_acuticaudata,Aves,Psittaciformes,31,171,volant,nonfossorial,semiarboreal,diurnal
Aratinga_holochlora,Aves,Psittaciformes,21.8,138,volant,nonfossorial,arboreal,diurnal
Cacatua_alba,Aves,Psittaciformes,26.9,570,volant,nonfossorial,arboreal,diurnal
Cacatua_galerita,Aves,Psittaciformes,57,800,volant,nonfossorial,semiarboreal,diurnal
Cacatua_leadbeateri,Aves,Psittaciformes,77,390,volant,nonfossorial,semiarboreal,diurnal
Cacatua_moluccensis,Aves,Psittaciformes,65.8,830,volant,nonfossorial,arboreal,diurnal
Cacatua_ophthalmica,Aves,Psittaciformes,31.9,492,volant,nonfossorial,arboreal,diurnal
Cacatua_sanguinea,Aves,Psittaciformes,46.9,350,volant,nonfossorial,semiarboreal,diurnal
Cacatua_sulphurea,Aves,Psittaciformes,49.7,340,volant,nonfossorial,arboreal,diurnal
Cacatua_tenuirostris,Aves,Psittaciformes,43,567,volant,nonfossorial,terrestrial,diurnal
Callocephalon_fimbriatum,Aves,Psittaciformes,27.5,256,volant,nonfossorial,arboreal,diurnal
Calyptorhynchus_banksii,Aves,Psittaciformes,45.4,723.7,volant,nonfossorial,semiarboreal,diurnal
Calyptorhynchus_funereus,Aves,Psittaciformes,41,678.5,volant,nonfossorial,arboreal,diurnal
Chalcopsitta_sintillata,Aves,Psittaciformes,19.7,190,volant,nonfossorial,arboreal,diurnal
Charmosyna_papou,Aves,Psittaciformes,11.3,83,volant,nonfossorial,arboreal,diurnal
Coracopsis_nigra,Aves,Psittaciformes,34.1,193.5,volant,nonfossorial,arboreal,diurnal
Cyanoliseus_patagonus,Aves,Psittaciformes,19.5,278,volant,semifossorial,semiarboreal,diurnal
Cyanoramphus_auriceps,Aves,Psittaciformes,9.3,46,volant,nonfossorial,semiarboreal,diurnal
Cyanoramphus_novaezelandiae,Aves,Psittaciformes,12.4,92.6,volant,nonfossorial,semiarboreal,diurnal
Deroptyus_accipitrinus,Aves,Psittaciformes,21.8,246,volant,nonfossorial,arboreal,diurnal
Eclectus_roratus,Aves,Psittaciformes,28.5,440,volant,nonfossorial,arboreal,diurnal
Cacatua_roseicapilla,Aves,Psittaciformes,40,300,volant,nonfossorial,terrestrial,diurnal
Forpus_coelestis,Aves,Psittaciformes,10.4,26.2,volant,nonfossorial,semiarboreal,diurnal
Glossopsitta_concinna,Aves,Psittaciformes,11.5,70.8,volant,nonfossorial,arboreal,diurnal
Loriculus_galgulus,Aves,Psittaciformes,14.3,28,volant,nonfossorial,arboreal,diurnal
Lorius_domicella,Aves,Psittaciformes,26,182,volant,nonfossorial,arboreal,diurnal
Lorius_garrulus,Aves,Psittaciformes,26.6,143,volant,nonfossorial,arboreal,diurnal
Lorius_lory,Aves,Psittaciformes,18.5,177,volant,nonfossorial,semiarboreal,diurnal
Melopsittacus_undulatus,Aves,Psittaciformes,21,30,volant,nonfossorial,terrestrial,diurnal
Myiopsitta_monachus,Aves,Psittaciformes,22.1,81.7,volant,nonfossorial,semiarboreal,diurnal
Nandayus_nenday,Aves,Psittaciformes,18.7,128,volant,nonfossorial,semiarboreal,diurnal
Neophema_pulchella,Aves,Psittaciformes,21,41.4,volant,nonfossorial,terrestrial,diurnal
Neophema_splendida,Aves,Psittaciformes,14,38.6,volant,nonfossorial,terrestrial,diurnal
Nestor_notabilis,Aves,Psittaciformes,47,867.5,volant,semifossorial,semiarboreal,diurnal
Nymphicus_hollandicus,Aves,Psittaciformes,35,90,volant,nonfossorial,terrestrial,diurnal
Pionites_leucogaster,Aves,Psittaciformes,26,155,volant,nonfossorial,arboreal,diurnal
Pionus_maximiliani,Aves,Psittaciformes,16.2,293,volant,nonfossorial,arboreal,diurnal
Pionus_menstruus,Aves,Psittaciformes,20.6,251,volant,nonfossorial,arboreal,diurnal
Platycercus_elegans,Aves,Psittaciformes,26.8,124.5,volant,nonfossorial,semiarboreal,diurnal
Platycercus_eximius,Aves,Psittaciformes,27.4,104,volant,nonfossorial,semiarboreal,diurnal
Poicephalus_cryptoxanthus,Aves,Psittaciformes,32.1,140,volant,nonfossorial,arboreal,diurnal
Poicephalus_gulielmi,Aves,Psittaciformes,21,275,volant,nonfossorial,arboreal,diurnal
Poicephalus_meyeri,Aves,Psittaciformes,34.2,117.5,volant,nonfossorial,arboreal,diurnal
Poicephalus_robustus,Aves,Psittaciformes,29.7,344,volant,nonfossorial,arboreal,diurnal
Poicephalus_rufiventris,Aves,Psittaciformes,33.4,120,volant,nonfossorial,arboreal,diurnal
Poicephalus_senegalus,Aves,Psittaciformes,40,155,volant,nonfossorial,semiarboreal,diurnal
Polytelis_alexandrae,Aves,Psittaciformes,23.9,104,volant,nonfossorial,semiarboreal,diurnal
Polytelis_anthopeplus,Aves,Psittaciformes,13.8,170,volant,nonfossorial,semiarboreal,diurnal
Polytelis_swainsonii,Aves,Psittaciformes,15.1,153,volant,nonfossorial,semiarboreal,diurnal
Probosciger_aterrimus,Aves,Psittaciformes,56.3,841,volant,nonfossorial,arboreal,diurnal
Psephotus_haematonotus,Aves,Psittaciformes,12.2,61.4,volant,nonfossorial,semiarboreal,diurnal
Pseudeos_fuscata,Aves,Psittaciformes,13.4,149,volant,nonfossorial,arboreal,diurnal
Psittacula_alexandri,Aves,Psittaciformes,23.3,147,volant,nonfossorial,arboreal,diurnal
Psittacula_eupatria,Aves,Psittaciformes,30,255,volant,nonfossorial,arboreal,diurnal
Psittacula_krameri,Aves,Psittaciformes,34,128,volant,nonfossorial,arboreal,diurnal
Psittacus_erithacus,Aves,Psittaciformes,49.7,333,volant,nonfossorial,arboreal,diurnal
Psittrichas_fulgidus,Aves,Psittaciformes,25,865,volant,nonfossorial,arboreal,diurnal
Rhynchopsitta_pachyrhyncha,Aves,Psittaciformes,33,360,volant,nonfossorial,semiarboreal,diurnal
Aptenodytes_patagonicus,Aves,Sphenisciformes,26,13036.8,nonvolant,nonfossorial,aquatic,cathemeral
Eudyptula_minor,Aves,Sphenisciformes,16,1105,nonvolant,nonfossorial,aquatic,diurnal
Spheniscus_demersus,Aves,Sphenisciformes,27.3,3135,nonvolant,nonfossorial,aquatic,diurnal
Spheniscus_magellanicus,Aves,Sphenisciformes,30,4000,nonvolant,nonfossorial,aquatic,diurnal
Caprimulgus_carolinensis,Aves,Strigiformes,14.8,115,volant,nonfossorial,volant,nocturnal
Caprimulgus_europaeus,Aves,Strigiformes,11.9,67,volant,nonfossorial,volant,nocturnal
Caprimulgus_ruficollis,Aves,Strigiformes,13.2,68.5,volant,nonfossorial,volant,nocturnal
Aegolius_acadicus,Aves,Strigiformes,17.5,117.9,volant,nonfossorial,terrestrial,nocturnal
Aegolius_funereus,Aves,Strigiformes,15.9,120,volant,nonfossorial,terrestrial,nocturnal
Asio_flammeus,Aves,Strigiformes,21.8,406,volant,nonfossorial,terrestrial,cathemeral
Athene_cunicularia,Aves,Strigiformes,11,150,volant,semifossorial,terrestrial,crepuscular
Athene_noctua,Aves,Strigiformes,11.1,169,volant,nonfossorial,terrestrial,nocturnal
Bubo_bubo,Aves,Strigiformes,68,2686,volant,nonfossorial,terrestrial,nocturnal
Bubo_virginianus,Aves,Strigiformes,29,1191.2,volant,nonfossorial,terrestrial,nocturnal
Glaucidium_passerinum,Aves,Strigiformes,6,65.5,volant,nonfossorial,terrestrial,crepuscular
Megascops_asio,Aves,Strigiformes,20.7,164.1,volant,nonfossorial,terrestrial,nocturnal
Otus_flammeolus,Aves,Strigiformes,8.1,55.5,volant,nonfossorial,volant,nocturnal
Otus_scops,Aves,Strigiformes,6.8,92,volant,nonfossorial,terrestrial,nocturnal
Pulsatrix_perspicillata,Aves,Strigiformes,25,770,volant,nonfossorial,terrestrial,nocturnal
Strix_aluco,Aves,Strigiformes,22.4,520,volant,nonfossorial,terrestrial,nocturnal
Strix_uralensis,Aves,Strigiformes,23.8,784.5,volant,nonfossorial,terrestrial,nocturnal
Strix_varia,Aves,Strigiformes,24,715,volant,nonfossorial,terrestrial,nocturnal
Surnia_ulula,Aves,Strigiformes,16.2,320,volant,nonfossorial,terrestrial,cathemeral
Tyto_alba,Aves,Strigiformes,34,580,volant,nonfossorial,terrestrial,nocturnal
Dromaius_novaehollandiae,Aves,Struthioniformes,16.6,38925,nonvolant,nonfossorial,terrestrial,diurnal
Struthio_camelus,Aves,Struthioniformes,50,111000,nonvolant,nonfossorial,terrestrial,diurnal
Fregata_andrewsi,Aves,Suliformes,25.6,1550,volant,nonfossorial,aquatic,diurnal
Fregata_ariel,Aves,Suliformes,27.6,806,volant,nonfossorial,aquatic,diurnal
Fregata_magnificens,Aves,Suliformes,34,1078,volant,nonfossorial,aquatic,diurnal
Fregata_minor,Aves,Suliformes,43,1400,volant,nonfossorial,aquatic,diurnal
Phalacrocorax_aristotelis,Aves,Suliformes,30.6,1773,volant,nonfossorial,aquatic,diurnal
Morus_bassanus,Aves,Suliformes,37.4,2950,volant,nonfossorial,aquatic,diurnal
Morus_serrator,Aves,Suliformes,33,2350,volant,nonfossorial,aquatic,diurnal
Sula_dactylatra,Aves,Suliformes,25.5,1739.2,volant,nonfossorial,aquatic,diurnal
Sula_leucogaster,Aves,Suliformes,27.2,1134,volant,nonfossorial,aquatic,diurnal
Sula_nebouxii,Aves,Suliformes,18,1530,volant,nonfossorial,aquatic,diurnal
Sula_sula,Aves,Suliformes,23,1017,volant,nonfossorial,aquatic,cathemeral
Upupa_epops,Aves,Upupiformes,11.1,67.1,volant,nonfossorial,terrestrial,diurnal